05f2ffcc
10bf0a78
0e401095
0f020d82
fcdd16b9
f72b12b3
f96e112b
fa760857
f79d02bd
f3490073
fec60b6d
e89f0d6e
ec0b0b79
e62a06ee
f512e97c
f651ef14
fa09edda
005dfae2
0201f745
f6d5ee2f
f9e2f014
fcdbea55
f91bef22
097df24a
1465f56a
0a23f95f
12d1099a
092409cf
feec003a
0e8e0457
1e6205e2
102e14a5
0660136b
039a1508
fb6407ff
f82812ac
f2ea0aa6
f908f8f0
f18b15d5
ff59fb11
ebd1047f
f2ee03f4
ed68fbc7
f8d0f39b
f81cebad
f83beb4b
f4e2eb3e
03e8f0eb
fd5bf56f
005ef63d
0c4bf087
149becec
091cecfd
0f1702ab
0c93f62d
0eccfaed
0d610e39
0fb50ac8
062ef6a5
0e5f0804
0b400c2d
010f145c
03941d23
f95b0a0e
fae009cf
05ac0408
f76bffa2
0229f9a9
0e6ff270
127af6cd
170d0661
09db0c06
0beb1136
fd5aff81
fc2effde
fe11fcfd
fd9c01b8
01c1148d
04740953
014b07c5
f26901ef
f3cb02c1
fc65f735
fd53f594
fad5052e
022a03d9
f2f4fc74
f80f070b
f4a3f8c1
fe93f838
0078efba
06f7fc88
113dfbe6
fddefcc1
fecf0122
076bfb67
0738fa8a
060af97a
0845ff7d
0c8801b3
05f30cd7
048b03b0
f3b10c6d
fdfe003c
0530ff6f
fc70fcc9
0223006d
0e8208cc
fc8c111f
ffc210f2
f12cf9fd
f285fc16
053af54e
085d0033
0165fe8b
efac0ad3
f311ffaf
014fef54
f96df8ef
f6aaf71b
0d4bf946
0adeff04
05290674
f9edf921
016bf569
f86dfab0
05ddf873
fe7300f3
f4ebf2a0
0b4fe35d
1c0ff454
142e034f
0e010a1c
fa11119d
f98ffc87
020cf1bd
1216edf1
129dff13
19670e29
17e528d3
02990ec3
f9c70f26
fb620224
fd200780
fc3704f0
06531458
0b401638
e91d0f9c
d7ff0ca7
eb29fbd0
f2f5ed6d
0c12f223
02e2f85e
06b1ff84
edfb028b
f35afdb0
f778eebc
06d3ddda
0738ea7e
1489f0e3
1c54ff24
0ce90e17
01570616
00b7fdad
01a3fa94
0a890231
0f38fbe0
161d09c4
ff642275
f8ec1e05
f35f0cb5
f0cc0335
0a44fa11
08d7faf8
11bb0837
fc6d08ec
f5ef1ddb
db350198
e2d4f0b5
f67be366
02bbef83
0539f9e3
046efba5
f56c07dc
ec6bff7e
f142f674
f81fee26
08a8ee20
1694f8bb
11a800dc
07d9117f
00a30319
fa82012b
f4faf552
f293f9fb
f67deb89
fd2bf6fb
03f1f1b0
0b31fb96
0e3bf813
0f12fcfb
0129f64f
056dfa04
1c6eeda1
15830008
1c68ffc2
0bcd1254
02350d0e
f9fb1525
02960828
f9700aa9
011f0121
0e950440
f76713c9
f6271549
f31f0cdb
ea7a0562
e038f57e
f3cafda2
f9c1fdf1
fac2f759
f0180091
e7a6fd72
f934f0f1
f3d1f0a7
0453e37f
0ab5ea00
0fa1fcc8
fc47fa66
00cafe66
f9ccf522
075dfa10
0ca3f73d
11ddff67
1c9efc12
13ba1034
076a0c34
fa420379
01ba035b
0c810b12
098a095d
024913c5
eb5c1aef
ede00dda
f0110666
e6eb02e4
ea23faa4
f4d5f2ba
f561fd58
fa00011c
fd560597
f501fecc
ee9ced71
fa3de68a
04d7e824
08f5f8c6
f2aef60d
f429f3d4
fc76f64a
0a2cf739
0e76f7d2
08550332
006ff5a6
fce8f70c
05a4f9c4
030bfc9d
01f50b1b
0d50ff94
0c821405
061f0fd2
f92d1040
f5a8083b
f9ad05af
05e5f63a
1242ffa5
030b0c62
f7e205db
ecd0058d
f353fabc
fbddf9ad
fb22f408
0285f266
fa45f937
fdecf6b0
fb91f536
ef3b026c
fae0edae
044aeb53
09a5f0d0
12c905f2
028c06d1
fc130348
faf50374
03a4f7c2
fb41f107
154efc30
0fe90b90
0ac90cdf
fecf078d
0ca8068d
f87b01d5
fab00304
059e06a0
02cb07a5
fcc217d9
ec4604fb
ec6f0880
f341fdbc
f422ed4b
f970f2c4
fd55f55c
fd7bfe60
07a8068f
f9770046
f693fe2f
f901fb44
0092f6a8
0d2ff157
16f6f948
065e0805
ee0ef3ce
01a9ed18
07aaf390
0e73f7a0
10e7f755
0af3073e
0a560274
0cf50554
0593f5ab
0a7901be
0dbcf7f0
006c0980
075e0f8b
0afe0616
08571035
0a9b0825
09b0fa25
06aa0f3c
f48b07cf
fd231009
f47a0968
e60fff16
f3ca0fb4
f3a7f72f
fa55f63d
fcc4f428
f327fd2f
03c3fe68
f621fdb4
f077ed6a
009aedb1
f6c4e48c
0482ed60
1328f429
1b19fe60
09140349
0d3a104a
0484f87d
129c0052
0dacfb94
0eb90a51
0d890143
025a12d1
f92f01d2
060b04c2
fb840983
f7330273
fea701c7
f010ff9b
fa1a0205
efa8046a
ed85019c
f1d0fbbd
f732f584
f7e6f618
ee760112
f6dafbaa
f739fb99
04d0f557
0146e8af
fed3f046
0a10f171
0d74f479
0e6e0576
ff22e034
01dce67b
1372f08d
1228f94f
0c62fc1a
0c590411
08bcfa73
0839f3db
116b0714
1b8307b2
132a115e
0fca0f9c
02091564
fe820b08
025206c3
012a0a01
fe640aac
fc9019b0
eba31479
de290ace
e5f7fa0e
e224044d
ecb2f9c5
f82efe4e
f12104bb
f820f947
f29eff94
f666e74a
f1c7f0f0
fec9e5af
11d4e2a8
0d94f0f3
15f9fd81
094ff939
0d09f4e3
10e1fc16
0edb004a
14bff611
0df40309
1b9012a3
08b915c4
04ff154f
fd8513db
000a0644
058f1190
06f5085b
ff060be3
ead912c3
e9e30b32
e6a70350
ebc6f980
ebe5fd45
ed74f894
ef4df4b4
fa56007f
f904f8f9
f2c3ed93
f79ce542
fb87e7e7
07f4e83a
10acf22e
0efe01b8
0cf0ff49
00b5fcef
ff4f00ca
fad3fa42
048c0ac6
f9c5058b
f8d90a00
f59ffa89
edaaffd4
03570303
fc77f6eb
040ff995
fd4ce7d5
0a34079d
0025fe4c
0743f555
09d5fb5b
0ef100ac
fb17f428
13240031
0b2dffc5
0521065f
04bdfe2e
fe09fc16
0ac901f1
0483feaa
05a406c7
00230c6d
00f108e6
fb3108d1
fbb20aa5
fab2f826
0638fea5
f97007c1
f8d60984
f328fd70
0429fd05
f0fbf4ce
f6a8fb5d
03a8f1dc
fefcfce2
fde9fd89
fc8ef8c8
fe5bec47
fea2ef14
faa9ff91
05650244
0e2e033d
00c707a2
0554ff10
02d8078f
02cf0b59
fc1affd8
fe89fe2d
fef3fc9a
fe33021b
fce507f8
fb1007dc
05d40eb9
00b003bc
eadd007d
fceaff30
fcdefd03
006d075b
ef8d04cb
f3d402f9
0cd5f45f
0ba90559
f88bfd06
ff9a01c7
0a7c0674
f6b0f906
0a54fbe6
ff43fa09
0b7f041a
ff4d041b
0aa50527
0c38fe67
fea2f93c
0b610836
01e0054b
04f207a9
fdd405b3
fcb10599
f2940dfb
f30e044a
0322f72e
f77703d6
08f606eb
f57b01ee
ffd60713
ffccff24
fd4ff76c
f6d5f63c
0368f8c4
0328fb63
ff69f8d4
fb20fdf4
051505fa
fdd0f978
0499f7c2
06fdfe82
0ba200ba
0c100658
0abcfa8f
150505f7
fc46f02d
021f08a4
055f09b0
f97bfd6f
06a1fe5c
f77f04aa
00f703f2
f7810279
ff4e081b
f61afc9c
f9540151
fb70fe7e
feae0b8c
fb4703ce
edbdfa91
0272f5e3
fed5f1ea
fa35f313
fef6f90f
1067fecc
066afe76
0223ff76
f5200090
061efd60
0bb70640
fcbb05ad
f3cf027e
eea9f168
fcecf5e5
0193f1c7
f9cdff81
03d60379
01c203ef
ff0c057e
f4e9fc1e
06bbf645
09b0f90b
1726fe1c
0c5b018b
fcab0c46
01fff852
f7150819
fdf90011
0158fb09
08c7f967
0820024d
073f0214
f81d0ad7
eec607ac
0206fbd3
f7a5f633
fffffb8f
0c310cb9
fefb0aa7
fbe802bf
eb60f928
ec9ff54e
fb21ea70
0432ea9c
0d4cffc4
ff5702cb
fe500094
f5ca030e
f5b4fc49
fe0dfa38
0235f115
ffd8fc3f
0bb8000a
0f9e0304
0545fcc6
fa350d48
ff4bf99f
027af833
08d1028d
0bc60932
febd0bc7
f93d0de0
f4cb0b34
eea4f747
0496f944
034801f0
ffedfdac
00cdfb67
03b0075e
eca00371
f642ff52
05fafd07
0490fcd7
e9d0ff9f
f807fb01
f922f814
ffef0c35
fc56089a
f5ff0889
eb600365
ea0bf507
fd58ee39
0481e9c2
0a53eba3
0b0ef815
fea600d8
05960126
f59ef527
0ac9f5af
18f7ef82
0f76fb73
194d0373
0bdf0e87
03b20ba3
f72a0707
f3550452
05aa0274
0572077a
0d42169b
fea318ae
012f1353
f499077a
e87df48f
ed2efa86
f9d8f6f3
00f6faa1
fd1c09cb
f09f02c0
e9c6fe70
e6bbf06c
f0f0e4d8
fdbae52f
0896fe78
0876f653
0dbb03e7
080402af
fc00f295
02e8e940
0d40f14b
1375f22a
1348fd04
12860c94
0ba70b1f
f9560410
f63b079f
feaff9af
0fb60a8f
0fdf0ad7
f92d15ca
fafa1a15
e5b20c57
e7f9fa8c
f97df471
0691f175
028b0416
03a201bf
f181fff3
0239e874
16f0e90c
15defb86
119a07c7
06fa0f1e
f6be0be7
f26900ab
f8d2f19c
06a0f0a2
0d79fe59
11d40f1e
fdf0185e
f6920ed2
f41c0ac5
e8b8f5b9
ecfff859
fc1cf270
10b208be
07390268
e9ce0a81
e4a3f7bd
efefe90d
00d2e451
0829f342
0f2701cd
12a50066
f46b151a
f1b10c79
f642f484
fa05e8ef
0dd7e7fd
1e21f679
0f720bc6
056d1180
ea410597
f52cfd50
03faf2bf
04e1fc97
152c077d
0f2a11d1
03a91b2c
f21c1552
e77b09c4
e7f3ffbe
0a3ef388
01d7f80e
0c5002d9
02dd0e42
f84b0a80
e796f78d
f045f4d4
febcf464
09c0f019
1cd1f5e3
0b15028f
01b804bf
f448faff
f965f659
00adec91
106fed8e
1a5b03d3
160f09a1
08dc1830
f0ce13b9
0cfdf9de
0546fb7e
0b04f7c8
087c0283
0d6e0c15
fa5f0e1e
fd5d09e3
053a04f4
05adf79f
0757fe87
092104b6
04e10d5b
fe2206f6
efee0f11
f1feff5f
e9c1fbaa
f91ef9eb
01b8f197
048c03a8
05b7fffc
fb070092
ed3ff5c8
fd6aff77
0640ee75
0e80fc7a
0ae9f8d6
00c9074c
040c04b5
f9f50bbc
f68ff962
fe59f6b2
14d2f9c1
0d50057e
0ce60553
fff20b83
fa5f0a9b
f4ecff63
f307fc34
023e0491
019c062f
ff5e0dcb
f63f0948
fadc05d5
f9180105
f4d1e840
f9c3f42b
04ddf849
0833f789
fdbb0c43
f5110205
f2cd04fd
f56801a8
09efe5f3
055af72f
0b0afc10
10410b77
fa16fdef
ff0308a8
f1d309e1
0867f4d5
0d09f94f
020d039c
0b2b006b
ff4b0352
0db20211
16820888
180a1300
0843102c
0236205d
f6100acc
faa90bce
f7f6fc23
f09b077f
f05e0516
f6b411c5
ef130d55
eee0fe87
e21b02b0
f157ef67
f4eced17
ff5cf797
01dc049f
fc88fba2
f2c00311
fab1ed8d
ef38f7a3
0143ea23
1783f368
1027f413
1682ff30
0ba909eb
0b5702bf
018e0723
07b3fe69
0739fe95
0a480e26
0e68164e
f10512a4
f5951699
f6c6024b
f66001c0
fbdd0449
fbff0cdc
f92300e8
f7650f61
ef9d0ab5
eb71fe8e
f3abf6a6
fb0be7b4
01a4f0d3
007af1ba
015af98a
fa6cf119
f9d9ee60
ffb8ec1e
0adfee4c
13beeb85
0f76fa3d
12830271
07f5081e
fe62ffef
01e6fab2
0408ecdb
12e30221
0a91149c
00541489
fdb8154c
fbc912bd
fa1ffbe4
fa510230
fecc09d2
00ed02eb
073b0747
f854fd10
fb4a06c0
fa2afff5
ffabfc32
fbec078f
0432fec7
f9fbfdd8
fa460351
f621efb0
fe50fc4e
0384fade
fe12f750
05c3f7aa
fd0e0803
0134fefd
00c30218
f9410721
064102bc
03a2f3f0
02a30156
03d904de
f3b40b62
076d0b20
fdc200e3
03fb0bee
f7eafeae
01baf819
fd9f0068
fdc6fd33
f47dffbc
fcbe06dd
fe610045
f5c1017c
0aaa06e2
fe7ef875
0130fb4d
f33a0218
0c530390
f48c0584
fe9bfeb8
01cd0046
f36103bf
0231ff8d
fae703bb
fcd0ff9e
fc99fa96
f98c0258
09b5f890
09d6ee7f
03bd00ad
0278015f
fb3e06bb
ff9102fc
fc840042
0317019f
05700071
fdb302f0
fffb011d
01380577
f499043e
ff74fe73
03eef0ad
fc000081
fc69f8a0
02b104cb
00d7f68a
f181fcae
fdb0f7d2
05b4fb38
0cb2f6e7
039dfb6d
041e08b3
01af08cd
fb63fa60
f936f5cf
02f3f596
05d60273
0bacfea3
03600d70
fdd3021f
fd8105cf
fc0c076d
f9d7fc5c
002b01c7
08d900ae
0d0f05c0
01cbf9b3
fb690789
f80d0294
035b0366
f8c6f073
fe0b0368
f82ffd02
ff5b0dcd
f1e00aac
f5aff527
f8b6f80d
fe700174
007afe31
06bdf3d7
08230643
f9baff1b
01a0fdd0
032c017d
f93bf447
05bef851
0ec2fef1
00e405a3
00590b4c
001d06e2
fd8600d0
fbcdf830
fa07fc33
fef00342
ff73022a
f4fa08d1
f6b5f9e5
f401f73f
f406f782
03b6fc0d
0190f98b
0d7803af
ffd2fe04
fdf2f75f
ff6a0933
01fcfb24
ec5ffaa9
fb3cee11
fcedec59
074deedf
110c0213
0c090a53
03b506cc
fc8e0773
fc9cfa31
02070a60
0ef0ff01
0ecc02e0
04a91025
06bd107a
f8010f62
f46c0f55
f75a01c1
fcbf0290
04a30307
0c85032d
f88603e0
f6e00d28
ef0bfd55
ef23fac3
f66cf39e
f825ebc7
087407e6
0be3f8f7
f51a012b
040ef8a5
f508eec2
ffb2e9af
0bc3ee16
0bb0fb20
0ef00431
09310530
01a307e9
fdaf04ce
f984ffbb
05d2f89a
06790639
0e1effa5
fd751582
fd2f1a08
f610ff3e
f17a02ca
00f800c2
fb930d02
fab4038d
03ec0d76
e9c30da8
f221ff2a
fb1af6d9
fa57ed3f
ffd1f22f
0861ee8b
093103db
fb93fbf6
f678fb79
f15af863
0065ff40
eeb3f7d2
f6b0ef28
eba7e6a4
0464efe0
01e4fad2
058af95e
fcc0facc
096e0036
06a7ffa7
0472fe00
09b7f384
10ffffa7
16d7085e
fb510860
046a0c05
06931325
0dee041e
10b102a5
08030d33
02611754
ff030bc1
f8e50a3b
ecd20592
f7740368
e7cdfa17
f826f6a0
f12dfeb8
f9a6fb66
f5ee019d
f443fed1
f5e4f919
044aef73
faf7f8df
fd11f1a4
0671f9cc
fc21fcb6
0050f41d
02e3ece4
087ff41b
0bf7fc67
185c05f5
10b70bab
0a5a09ca
017f0069
0a220ec3
112bfb17
0c690c3f
feeb09a5
05ba14e1
00b00b4e
01901132
f94e0bab
ff0b07bb
f73605d1
fb1b047b
f3990002
f856f823
ebc40075
f18ffbf9
f420f053
f7bcef5e
02c2efeb
07d9f961
09f90143
018d05e3
0955033f
067006a7
05e002bd
11c5063d
055601f9
ff8511d4
f7be0bd9
ee700ef3
ef09fde2
02fc047b
f763fd49
f8fc0083
f9240b5d
01c6f6c6
f72cfcc9
f5a4f8d7
f26cf9bf
ff58fa36
001100f1
013b07a6
fa28f884
f7020134
f8f8f775
fb2ef442
1154fa0a
16ea0d73
11fa031b
0c9b0c71
06800297
03eaffbd
f5c50ba9
fcf503f8
026bff5a
0b9505d9
020f0f57
f7761487
f7f80af4
f19cf881
fbf1f12e
fe86f4ac
022c0415
f31105b6
f41f0196
f3f1f6ff
fffff538
f8caf85d
fca5edff
13d1fc14
134bfec8
02fa03dd
f65a0189
0652f8d1
031cec0a
0abaf981
0aa5fc9b
195a058b
082d0717
ffb904e8
fb420753
0344fc71
0c73fe32
089c057b
fe920cc9
0b6efc9a
07cdf9d4
fdfe0ca1
f579081b
ead6fa33
f01df899
0354e8b4
064de964
12fcefa5
1759004d
041a0c17
006a03b4
f54601ca
0470002f
0e06fd8b
199a01f0
08430d07
0e6e1bba
fe1a144e
eb840bdd
eebafd58
0fb1f28a
09fbfcc8
0b3bff1c
01d61152
f2a00b64
e5490195
e9eff6c0
ffffe96a
f7cdfb27
0ee3fde3
043d0160
f4330bbb
f4acfdbc
f3aeeed6
0436e480
0f74e5b2
127af202
1618f64f
01e20346
057c0486
ff1cf884
00cff797
08a907b4
18dcf851
23921183
099216f8
f5bb11b2
fed80251
f370fcf5
019bf344
0f2608f1
0203081c
01770efd
f63717be
eae9049e
e1ebf6ef
f651ec17
0de8edb2
10f9037e
0bbdfe1a
f5dd0b0e
ec01f749
f42efc9b
f155fb48
fecf0464
f65906c7
f9a01095
f6980292
e48afa54
f396f1f3
fd42ebd5
09aff30e
0568f5b5
082ff9dc
fc0400ec
fc6ef4d9
fc46f340
fb81ee85
1a82ef72
17dafe76
0f44062c
05840f6b
fca6150e
052002e5
fd03fae7
0b5afed9
0d8f00d7
0bad0e2c
fb56139f
f1540e76
f0631029
ff4b05e9
f514fa39
09c8feb5
f6b9100a
fb6407f3
ec081422
edc4fc59
eb2ff29d
fc96ec03
04e4f0e1
0872fc0c
0caefe15
fedc0890
fbe5067f
ff38f014
0c2bea79
08cff2c3
12aff6d4
19bffe42
083f18bc
f96c1167
fc1e0790
fbaafeb6
096e041b
12560870
0dc612d3
fcb5173c
f81b1995
e9350a8b
efdef504
ffdffe51
0844f7a3
ff2a04b9
fce10bc3
f57a0f72
e99ef7f8
033afe98
f5f3043b
07350942
f2ba02ce
f69104a3
ef61fea5
f181fe32
00f1f912
0168f5d7
076efbeb
fa0a0825
f7ce000e
f8acf920
fbbcf655
0754ffce
0e8dfd9e
0a0cfe57
0b8501a4
fb9703c3
f80203fd
094f00fe
0859f7b6
fec8f58a
055207b6
089c0262
014110a1
f66f04f0
ff090cbd
fba60a25
f5640baa
fc52022b
005c0930
fc1b0c65
fbf409a6
f209009c
faf1fa89
f55cf433
ffe0ede7
02420691
01e60116
facd0c6c
fb01faab
fad8f229
faa0eeef
ffe1f6a8
0b67f94c
04620222
fe78feba
f5e3071a
03f6031d
fcdf0492
0e8a066b
00190461
02180e02
01270ca1
fc13ff67
ffe5f799
fa9c041d
f810ee32
081d060e
038c0420
fcad0dff
f58f0961
f2c90192
0544064c
05010b8a
0bc10655
02c10a63
fc1d0ee9
ff5b0f15
0747139d
f5f10637
012b0b25
ee1a01cb
ef50fe31
01ad0da0
f83afff4
f019f5e3
f60efb84
f504012f
efedf22d
fc37f428
f736eb78
f5acf098
07e2f13c
04c2f3f8
0453fbfa
ff24f51f
03cbfad1
0a1501db
1178fbc7
10f2ffc0
0d400439
0a380991
07630a9f
07e30797
09be06e7
06661135
007c0c2e
fe510049
03660c13
f42011f0
01ae01a0
f72af25f
fc1afa0f
f0d6042e
ef0ffe77
f822faba
f80bfbd5
fce8fbb6
fb49f7b9
fcc7fce8
fc78fb7d
0c82f5f3
0376f346
ff80fa0f
0914f053
fe6af7fe
0606fe18
0dff04b3
0ccbf780
061605f6
0540f87f
05a50a99
0b170bec
0472032f
0d4908d8
fef70d00
04270126
0d5203f9
fb8908b0
fd77001f
0a01015f
02e902e2
06bafc95
00520a61
f57f060f
f670023e
f764058c
014aed1f
ff81f2af
0599fc14
03fb0667
f350099e
f7d30d30
fb9b02e2
fa74ff53
feb3eebb
07ce03f4
066dfeb8
fe72f751
f93e0369
018ffe7b
01e20303
0964fdca
0801ead8
0a9905e4
04fd0727
fcdb0d22
02dd0026
ef4f0c14
037400de
ff67fc15
ffff01dd
fc40fc77
f65f0408
f3d900ad
f45dfac8
fca7f683
fbc8fc8d
00d7ff25
02f7ffdf
fe8eff59
fee6faec
fe7dfa04
fe05f2d6
0a5bf954
0bc4fc2d
130dfaa4
03ec0f65
fb52f71b
fcd605f6
fd8df7d4
0111fdf1
0b6a0531
0c20ffae
02e70c51
fd31023e
f311087f
f570fbec
03b5fe1b
0496fed1
f5c8feee
f41efbde
f4defa7d
f9ce04cf
f7b804b6
f666fae8
f004ff2c
fc20f35a
03eff6a3
09bbf9ef
04060192
0b08fb3c
f7e5fb32
002afb97
faf4f8fe
0e58f8dc
152d02f6
0f560e2d
0dc90493
019b0a97
f81505e9
050df981
0961fe24
0656fb20
025b0139
025709fd
f8e30b76
edd0025e
ec99fec2
fbd0f95f
06f5f4ee
05c8fa8c
fead0399
fbe003c7
fae30518
f6faf46e
01b40379
0d76f469
054bf494
120e0250
059bffa1
f690ff91
04720132
0510f74d
075efd35
088002cd
12310723
ff90034e
fdad0ad8
f7f00d22
073f016d
ff5affd7
fe200c1b
027c03a8
fbfc0e34
f9820886
ec600590
f39d022e
ff8afe5b
fb37f425
007bf427
002ffdd3
ff260390
f976fbaa
087f1197
ea301a65
e2f80461
e592fa8e
f6eef553
0271f5b1
fd58f84f
fbb40a11
02b805ca
f308fc36
ec72f7f7
f31cf1af
041eed59
0d51f47b
0f1e01ff
0702045c
ffb303e4
f82afe58
fab9f6cd
0d81edd1
15bbfa02
19971776
1143101a
f69b1548
f50d0969
f78bffd4
0583ff42
0c170657
0f590527
02fc0af6
efe013c4
ef310c55
e8fc0624
e833f293
fd17f88f
023ef80c
025602ea
ebfcfec8
ef0e023f
edeceede
fd26e41f
0559ef49
1135edaf
17bc0556
0a800b38
0461fce8
fe79fea6
fba3f0b7
0fd3e987
161bfc14
147009d6
0b7119f4
ffa00c9b
f97610d0
0307044c
fe2d0223
03030242
092907f7
fc8c0fa7
f58d13fb
e87b030d
e7c2f84c
ef67f32f
0097efce
0381eccc
0e2aed9e
1071f8a3
0cbcfe59
14d50993
10c7062f
02a1fad3
05adfc52
18ad0963
126c0d41
183006c1
055218b6
fc2e1699
05cf02df
fac70ddb
fc100845
04271b9e
fe790950
f4ae0d2b
e231ff79
f0e8fe69
efc2f5d0
f821ebbf
f539f478
016ff644
f8a9f3c8
faf7f422
033deb72
0056f17a
0cfde9ef
09caec53
16b7f58a
086ff8e5
0b9aff04
10de0e92
018b028a
1332fd85
0c8c05dc
10710aef
170a170b
0cee19fd
fa131236
f9091259
fcfe051f
f4c402c1
fb2d0916
f2d90ef6
eed30db4
df020344
e0100142
eec6f7db
ef3dfc92
f783ec5d
03e6fa2e
f971f82c
feb2ff9c
fea8ecc5
f817f7f3
f80eeaf8
06dced54
0542f158
0e620ab2
1194fef8
082bfbc3
0e020432
00ed09d9
f9240b69
eb65f413
f91ae811
068fefc0
1071fb89
1029009f
19560dfe
f8321354
f4710b4d
faf7f7ed
0c9502c1
0de4fcce
0b2d0a44
0bf410c5
fccb0f29
f56d0366
f503f5aa
f97ef911
03a6f482
068af8a0
09f104b3
fbc7169c
eb19064a
ebedf4f9
f33c0105
03d2eed5
14bbf9f4
0f08fe73
078902ec
f8ee068c
f17cf859
fe77f6bd
0057f467
0de2f9ae
13660329
080c0d6c
f9f910e7
f20f0c2c
fc13fb12
fb40efef
09fff7b9
0b5d0260
05fb15f5
fd95167d
f2ec0c69
f372fc5e
fb1ff51d
fe75fd07
ff13ff16
f9970f00
fc0e0818
e71804c3
efc0fa41
f508f4b7
0520f6a3
0aeafd2b
10450173
ffbb0d3c
fa4b05dc
f834fc5e
f721efcc
0853e468
096cf9f7
04ce0a95
01ba1758
efd60699
ec4604c0
f359ea45
0993ee22
17d5f08a
13560236
f8f00cd6
fd2a02aa
f801fdc1
f7cfe8cf
0152ebb8
0f60f241
131bfe5c
10c704cf
0b180216
f9a7133c
fad7fbd3
05cbfb96
0dc90398
0bd8109a
0a4a188b
fee00e33
f04d13db
f55003de
f7e0f853
0749e9e6
081d0427
12050589
f2e10fbd
eeb50e4a
eee0fd1c
fe27f2a1
fff1e826
0dfff5a0
0847f8d3
098a05e0
f9250ed4
054e04ef
f23bf0e3
fc64e77b
11b8f30e
1a5bf74e
104d10f7
fa01143b
f3ab0a45
f773f773
0284ec1d
0328feab
11e303a6
0e200cf5
f8701320
f422127b
f45f0aa6
fe52f596
01dee808
f9a7f4d2
07abf6b1
02570a26
f8fd11b7
eeaafe9d
e2a0f683
feda07e6
0537047b
026f18ec
fb300a86
fb600841
ec51fd73
e5d600fb
f6360600
f608f887
fec4f74c
fbc0faf1
0026fbe6
faf7fb66
f8a800b0
fa6bf8ea
027af067
03daf81e
043cfb4b
08fcf5f7
0648f808
1425ff68
0ef30526
0bb0ff74
101ff8eb
083f0673
029408c9
fdcd13a8
07a40606
fe93ff86
fbe30734
061c0644
f8de07f9
fa280963
02cb0a60
f4d10aa6
f53805d5
fae8f8f2
f08df54f
f968f663
0141f90c
03b4f416
fd41fb88
ff43f413
0596f066
0543f336
0b16f72f
0f0cfa4e
0992f6e6
0bcd0a1c
ff9705a4
024e057a
0985fae7
0bb0f69a
097807a9
024200b5
07e80e8f
0a4e0446
01690c92
f68d0ca6
031701e8
05870851
fe950944
f3a406f7
efb7ff7d
fe19e6ea
0920e6ff
1642f272
1afffcb6
1917031f
0591115c
0590052d
099dfae2
0594fc11
1ee2058d
162a112e
0b7c1afd
01041843
f46313d8
e14f01a4
000efaba
079bfaf3
1020074f
fc3715f1
f32f139d
e5e9065d
eb1bfd30
f303ed3f
fe19eb05
0918f31a
0144fb55
fdd100f7
f542fad5
f2b8f7b1
f9bde40e
0462eabe
18e1f04c
1bc9fe79
109a084b
048412a6
ff940129
fd20f697
0754f602
0ba3fbc9
14ff1493
17a51cba
f6b51b69
f13b0840
de97f991
f744f47d
f614f99d
00e5ffab
fa910cea
edc1121b
e9a2fed0
e320fa9e
f414f1fe
fe96e164
05e5faeb
0ee6015d
022a0888
f8d3fc29
f307f2e9
ff50e2b1
08d8de60
24bce71c
23cc0332
16a20909
0ec41149
11a4ecf9
1ce4f703
1e48ff2b
15f218ad
fedb1d23
f6ba0485
f7a3fff2
0267fcbf
0a7b02c8
0b2b13b9
f9671790
f3491e47
e9f510ff
e903f98e
ea25f644
f183f670
0500006a
f50f06d6
eba00252
eb99fb0f
ea05ea72
fc78e6bb
0372e852
18cde7f6
1452f62c
0353ff6e
f776f4b7
fb94f7e8
044ef0cd
1dbcf2ae
151ff94b
1eff0052
09491ec5
ff411901
f80211b5
fb470205
0a05f916
1097fc9e
05990dbd
0580140b
f1581eb8
d82b0d00
e1f50cc8
ed2303a9
fe0ef732
fb8bfa14
f01a0820
f8a6062b
e4b003cd
ee6ae12b
f029e755
09c6dc6e
0a4eef34
1392138b
0a0806c0
fba50696
f8c4f3f9
00fff3f9
1405e9be
1d88f57b
27240b02
043f2708
018110fc
f03e11e0
f7bb0982
f5490736
f63c0971
eb32f9b8
edce0572
fbc7ebfd
08c5eae3
0537f5e7
0422054a
fabe00b5
f4cffde9
0276f95f
f924f293
068ff06a
0cfafde7
1460059d
0aeb0e1a
010f0970
ff6afc5f
02b2f697
0bb0f964
0d330d1d
11ea092f
11741394
fa020aba
fcc207a9
f47a0388
f43fff8e
f862f9fa
05d3ffa7
f6f500dd
ed2dfee4
e9e1fb4c
f31a0078
fb89f750
04faf274
04a4fcce
0341ef0c
01a1fc4a
0095062c
fa2ff68d
02b4f53c
0850f13c
19aafd61
0d73fdfa
ff060519
05800d4a
f7e1065e
f8930973
013bfd37
0da80b5d
1216158e
015b15a5
f6230719
fd1d0ca7
f67a089e
fc72067f
018207b3
fe8a0194
005d14c2
f06602de
eb6cffd6
f4fef820
f266ee6a
fe4e0a3e
f79efed4
fdb5feb2
f68008a0
f3e0081a
f59a045c
eeeaf6fa
ed72f0fe
ff8df288
0682e7c2
0770f6a7
ffb60234
f5aef4a9
f944f259
facdf401
053df3e4
13dfeab2
1256fab5
138c019e
0c2805c6
03c70ae8
015ffca2
0319f0ee
15ceff16
03800cc1
115c1169
f6b5130c
f7791107
ee53fbad
f1b4fdab
fe98f812
079705de
014d0b38
f20715cc
f1eb083f
f0be0739
f4bff92c
f7f8ee1d
121ff970
0247f34d
07df0ada
0333f168
fb1af5fd
04baf545
ff65f519
00b6ee7b
12aff6b4
09460301
06a9079c
fec2ff8b
0853ff29
0430f9b0
124efd85
0b880ace
0b630c85
03db16c1
f97c0de9
f17a110e
f5aafc3a
fc5bfb6a
02db03b0
0556fda0
eb8507fc
f6160832
fe3f0960
efb9f055
f500fed4
fa0cf49c
fdcaf6e4
01adf6b6
05f6ffcd
055c04fa
0342034f
fa7cf942
fc4bf59d
0f67f689
0c5bfa05
0e06fd3c
00d308c3
f40b0466
04680909
fbb103d8
fcf30a78
0276fb68
08de06ec
01bc0f46
00910cfa
f1980bad
fcb30305
f7d40562
fa96fa5a
f7f9fd6f
071a0ff2
fc69078d
f77b04ca
f3b7f64d
f74ff023
f568f471
0185f6d4
0300f8f9
03ad011b
fc91033a
f83bfc08
07fbfd9e
0181fc7d
0a4ff9f3
095304e3
0aab1548
00ab0f6e
015c0ccd
fe32ff3a
02beffc9
02dd0322
095a0803
ff3a0f2a
f4950a96
f8e70780
f8c506b3
fa6100fc
0248f84b
f9e608a2
f4cb0219
f16dfac0
ea7eff2b
f3a6f7db
0244f5db
0243f8b5
fa91f6b0
f407dcdf
f289e7a3
fd3ce5b8
fe09f363
f4cde887
031be574
09efe7a8
0e49e49b
15e6ecd3
1eedf78c
1e9302ac
0dfe159e
1a3a048b
0704ffbf
12d70b4a
108607d9
0fae1477
03f218f3
fd5d1ad4
ef071ff9
ea2116f3
ef841d92
e7e204fb
f0130b0d
f7b2053c
e5f108af
ea1cfcd6
e982f942
e93bf400
f216e863
f97be322
0375eab2
0950f35f
02cbf0c3
00a6e1b3
0062efc5
0ab7f00b
14e7f5ed
1390fe32
1ae704cb
0e420ae7
1096ffb6
12b5089c
0c89051a
1b4d0c1c
111d1b11
0b52227d
0b281a71
f7351d0b
f2210d6c
e2f610b7
f81d101d
f06b0c7d
ee7604be
f05a07b1
ebe40072
e376fad6
ecddf17c
ecffeaab
fad2f255
032deecb
05f4f3c2
0afdf03c
fcfbee25
fe65fc20
fe9005e0
0384053e
fb20097c
ee1807bb
f2bbfdda
f6dbf336
0914ef41
0882fa94
0b22042f
0b9a04f1
005907e9
f66e00b1
f827f498
015cf412
0f10f8d2
18e90593
0ac502c3
fc300beb
006e0a6c
01d7010c
0668fab0
098609e5
0fe801e2
fc6d0d72
f87a1081
f1750efc
ef1bfe14
fdf90064
05f5f9e0
ff950355
0b0efdf7
fa470eae
f8500b92
f1b0fc14
01edf2e6
06eefd05
084bfae2
0940fd50
0862043a
f38802bc
faba00b6
fa80f05a
0a47f2e8
09ecf908
0c3e032d
0d870f7f
00cb061b
f2c7076c
f718fc8c
fe65f5cc
049c05a5
0ba207b8
082e1033
f9031011
f4f61546
eeb0fc31
fa79ffdf
ff2df5ea
02afffce
ffe2f945
f62809bc
f45a0ba5
f4f7fadc
042c03d4
ff420b5e
01bb0bdd
f5110b63
ec6903e2
f3470a3e
f5ccf6d6
f743f55e
fb87f448
0408f63b
fb3303b4
00baf966
fc44fab4
fec1e8d3
04c4f403
0b9af4c2
14c0fc51
089109ad
09cf0351
fc490805
ebeafe42
013c0109
0923fede
084f023c
0689123a
fb010c3f
029a1a46
ee890a53
e9c200c9
f6f4fa3c
faa4f91d
fce80799
ed73024f
ee290653
f1fcfcf5
f137f0b8
00aaf1b7
048af21b
05a1f29b
09e505bb
158ff1aa
f730fc28
f82df7b5
05c2eb79
0984f6ea
0f67ff17
124308c6
0d550648
0ac014d4
f9b20b84
02b3017a
fb56001f
09faff07
026c07de
ff8215c3
ff8402f9
e7e60a69
f7cd02c3
f6e4feef
080ffcce
fdb402a8
fa6007c5
ec1608a5
eeff02b1
0dd2063e
0b1f0f37
070110b4
fe9a0950
0131083f
fa7a0686
f47904de
03bb069e
ff8c0938
00ee133e
f47c0d04
eb980248
ee9e0457
f329f183
00bff9c3
07a00a03
062d03e2
fc5d033d
eb27fd07
f6baf25d
fd69f657
09baf5d0
0ff7f447
081ffffe
06b1f8c4
0626fc25
fa51f939
f839eef4
0818fc4f
1048fdce
0eaf0c1a
05af1342
fd4e15ef
f4e510ba
f4500d5c
0f67f3c0
0486fdc5
01d80998
ff740973
fa3111c9
ef57fc52
fcfa003b
ffd8f7e8
024c0363
0404fdb6
fae2f7ca
f5e1056c
ee2ffa62
ef14f29c
0c1bebe4
022bf30f
08b8f3b0
10580150
0e2f07ca
fd37fc40
fe22f7dc
fe61fb52
06a2f3a1
09dd0a3d
03b6115e
fed40ebf
fd0e0c02
fcda00b2
fdd704db
02fe078b
f74a05c7
f24d051a
fe3001b6
f97dfa37
fefdf9aa
fde90df7
071d0039
fc7dfdb6
fc3d0867
ed77f406
fb4cf3c6
0380ec1e
0815fc74
0a78093c
ff88071d
fba90370
efeef6ca
fa6ef42b
f9e3ef8e
094e0716
09affe02
0c840922
f5a41010
f5fef1d4
07bbfe56
ffb1f4af
076bfe5b
09740a72
0a800b0e
f78f0eba
fdb007cf
f950f459
fd14f9db
059c0836
04740b65
fd46061a
fcb90d97
f22905b8
facdf918
f51cf48c
0561f478
11adfb8b
08300276
ff4803f9
f998fdaf
f6bffce0
fe60f0a1
0a3ef32e
030700cb
0ae1039d
fd2912ab
f68d052c
f9ce074b
f358fcdf
0cc7f7cb
ff9f03ee
f96e099f
fa550817
f9870401
fa68fe0d
ecebf549
02b7f89b
f61000bb
fb7b01bf
f7221077
f2b601cb
e9ac02ef
fcd9efcc
fb1ce6aa
0314f941
0942fe57
0970001c
fe70f43d
f697f651
033be271
ff0bf202
19b2f07a
1ba80430
1abd044c
092d0e4c
fdc10268
fd0d0182
0f41013c
0188029c
0f0f04a6
08a30d75
036713a6
f68213dc
ff1300d4
f8190360
f96d090f
0eab0225
f88f0844
eca502b9
da90063d
f31df77d
fa56fdcc
ffa1ea0c
0533e9a3
055400ca
ff63fbd4
fbe4f2e4
fbf3fc61
fbc2fd77
0dcbf13e
10a3edd1
0cc8f85c
1abf06bc
05650fcb
032c0142
04b20259
1192f6df
1674046e
1a7f13b8
0bd41474
fb4112e1
ed3e0d2d
f33b06a1
f895fe8c
f470f758
067a017f
fa3203db
eddf07a3
e51c0624
e80ef9d8
f10ff09d
f8c5e70e
078af8d2
fee0fdc9
ffddf96d
1725f8f2
0a6a0137
045009b2
0aea0367
081305ac
0259063f
0ac4080f
08050166
fe5207b1
03e406a8
f654fbed
064504bb
f3ee024f
f70900dd
fb46fc7b
00aff676
ff2c02e9
f4750262
f5b30831
f77dfb6f
f033fd0b
011cfd5b
f8f2ee8c
ffc9fab8
0658f9fa
0fad0865
fae3f939
029b0232
016ef91c
fbb100df
036afabe
08470167
ff280960
035af538
02b30dad
06f6052a
fbd9fca9
045a0803
fd1c03bd
ff9a0803
fcba15e1
fc9909cf
f8d204cc
f661f956
fbe1fc7a
fb1df4bf
fd5efe36
f1fbfebf
fdcafca1
fbc4060a
fd8bf4d1
feedfb5b
0da8fa99
0acbfde0
0358fe73
10d1fdbc
06f3fac1
03b5f594
0dc5fa53
09f102cc
0a080846
ff1412cf
ec8bfbb3
fdd90119
fec6fe9d
070402aa
f9c700f2
ff4df82a
f114fd42
f81efdf0
076303db
06e1fb14
0290fba3
051ff780
050dfe78
05fbf9a1
083106e4
059cfb2a
056301f4
0be80189
ffdb0123
11fe0612
00eafd45
035bffdb
002d017b
07b6fe2d
09240e27
05590bc7
ff1bffdb
0ac2111f
f98a0a80
f9d00260
f6a1fc9c
f7ac01c0
ffba02a9
f9760801
06bf017b
f0a5093c
fc6a03ed
fc26f3ed
fe0ffcde
fdc4ff30
fe80ff05
fee8065d
070cf690
ffb7f185
011ffc8a
039cfb63
0523fb9e
08fafa31
02370516
fb040153
0330fc32
099b0823
052bfe4f
0dbbfaf4
f8070cce
f5ad012f
fa2e0602
fc82fa6b
f6fffb03
fd26fd18
f776f9ef
f7affb6c
face00c3
f2f6fb6c
f44f0460
f1a8073c
e5e706f8
f108fea4
e142f3d5
f0d1e688
f6e8f284
0371eb60
051df777
feb6ff3b
03d6fb1c
0611f772
07e3f174
1129f045
14060039
0ecc097a
0e850a9c
fff00c2d
02de03d4
0cde1322
0ae605d8
0d1904ef
1028080d
f61f1ab6
f5651198
f75113b9
f06205ce
f8a8f716
e7dd080b
f41602a7
f14303c1
ef5a04ff
f1d2f545
efdce66b
f7deec37
0554f4ee
01c2f614
0d46f890
f5b1f758
fdf8f748
02e1ecc2
049fee2b
0d75fde9
17deff1b
107f0497
0ecb0676
01dd03ab
01540d48
fd4bffbe
172408c1
18691d77
07c417b1
f89b19df
fe5508ad
f7bb0742
e9eaf6c1
f6f5018a
fd7cf8c3
fbd10251
f10103c0
e5fa0276
df78f9ac
f363e69d
00ebfcea
f918fe70
f4b601d7
fd2cf5ca
f3d9f915
fc2ce82b
fc6afedd
0656ff94
02f6fd94
021efcd8
f51bfefc
053af940
00dbfb7e
059b00da
ff9f0a22
09490546
fd3802c0
00e2022e
fb9f037e
fd5f050d
f50904ed
01200746
053604d6
02ee02ca
fc1d095d
f50ef74a
fdd8fa9a
fa48f2ae
f6e00027
f90603d1
fb7dffa1
f2930383
fcb60881
fe1af9a8
0318f7e7
ff54f4b6
08effbb6
0560f9c9
03f4fef1
f8d3f9b8
fd29fb5d
ff1df778
fe8ff416
0568ffbb
ffd0ffb4
fd5f05e1
049b0172
fe43fb70
05500324
03e2f93e
0a3f0207
fc090bca
f936126e
f7ee0e0b
fdf8009d
fc560893
fa3c065b
0361fb76
f6ac0655
029500dd
0594fd07
f54bfd91
fe4000c4
facaf7cd
f26204de
f231043c
f92ff074
0439e858
052ff602
10880059
03440b1f
f6610409
01aa0633
fdb1f302
09f0eb9a
08f9f71e
0b3c03b9
0f3d1053
fde715e2
efa40d1e
ee65096e
eecafaf6
05990384
04730ff3
0681071f
f34311c9
f2a10915
f39ffeb1
f516f0c4
fb00006e
fef2f60d
02bbfaf8
f96603c8
f088033b
ec090292
fed6effb
fdf8f489
09bee9ca
0d480672
137c06d2
0199071c
0092fc14
fea50182
06f8ff6c
0964f9d1
17d70166
03f20581
06780fec
f6050a27
f87afe2a
f6defcfe
0b2404be
08a70181
02270831
02831007
f40d0294
f4ce009c
fad3f294
fbd8f2e2
0409f386
008afd03
f3d2018d
f4b603e7
f4d8f033
fc6df7d3
0b27f39b
0a7de973
10abf665
ff9ff567
fc3e004e
f54d007f
fcf30226
f546ede6
fe9bebf1
0752f5ff
070af2a7
0925001e
0aa303d6
00400089
019ff4d9
fed5fd17
05c9fc70
0cf80454
0ce50df2
01e511e2
fae308a5
f2e9098e
eeb3077b
fee2fa4a
0d790525
04f502db
f6a804d2
f5420ab2
f1c4fed0
f22efa4f
ee9cf6a6
fe8cf4ac
04cb0130
fdde0498
fa6f0387
ff80034f
fcd0f3b4
f6e4edd4
02dbf1c5
0e15f3f7
0bc9063c
0ccffca7
049ff848
fbd6ff84
0781f7c6
029bfa87
11dbfa3a
0c510710
06b012d0
fb09fe7a
01780c5d
f8471323
ffab0191
fdc700ee
fb71fb1f
fd2fff7e
f4f805f0
e6950f7c
f81bf410
f516f9cc
f1b7f469
0560f4c7
091b0240
f808fde4
fa2df881
f24bf402
0647f6a8
feed08ce
fdde0700
f1a7082b
013503b1
ef03f8e3
0b470b1e
0228048a
eee81149
f91afe4a
f7b8fa4b
f2bcfb6e
fc3ff737
06defa62
008307ca
ffcfffb1
fc470036
ef9efcd2
fa06f7a6
0a78f9e8
0d51f53e
09da0162
fe110822
046e0f72
0b6d077c
01d5f5e9
0288f7ac
0a2400ac
02ef04ea
092e0d5f
f6ab05f3
f02c0921
00e7075d
f533f5a4
f5b1ed29
fefcfb6f
fca60cf8
fda0ffcc
f82c07ef
fdbc029f
f6b3fff3
01bc0361
0435fce8
03c1fec1
fd2cfde5
053c00cd
0c6ef915
fc1ffb5c
fcd3fe2d
0d77f68f
0a67fb8e
0e6d07c7
fbff0c75
fd21ff3c
fb2910e7
0528fcec
085df9e3
07de0a03
012b06b7
01990b78
fd280967
fce70369
f723057b
f8c9ff60
fe7dfccd
f89ff8f1
fd57fd70
fb48fe90
f69af6e0
f73dee7f
fea2eb8a
fedddf79
0775eefa
13acf976
0c2df6ca
0c9c0eee
02e102d5
fc20f0fa
1120f1b4
1801fb5d
11b4053e
0d560fbb
0faa18d8
f96b1384
f81e0dfd
fbb106f1
01f50ae9
079f034f
fef00f21
fd371534
e4020d13
e821f9b6
e99bf98b
ede7f9df
0398ecb5
fc37ff9a
f7610040
e8d7fbc9
f2ebf498
f2bae1bd
fee3e7ab
0d37e911
1247ee02
228af93b
0d40068b
0d420acc
0711eefa
0d29f7ac
0c10fdf4
1c5002a3
174e15e2
fde61b9f
092f1d99
00e210cb
f8741136
0018043f
0576077d
05300b34
eeb71271
e54016e8
e0f4006f
de09f79f
f337fc2b
f660eede
0133ecb7
f8c205e8
fd9ff908
ef71f35b
fecce67e
00c305f7
f8890d19
f86b14bc
f71404ff
f0dcf7d0
f1d3fc6e
fde203c3
fd6203e4
ff76fdfe
ec2af8a5
f13d02a8
efc6f435
fafefe5a
fef1f755
0acafc41
039bfade
fefbf2a4
0251f6a3
01f9f009
0f53f990
198b05a2
1265feb7
0503fde2
0cdb123c
023d09ab
0279061a
fab4f89d
ff780247
0362fd06
076111cd
fbac0a7c
f1360be3
e303fe25
f315074f
f10aff42
0172fca3
0397f2bb
f146f485
fad2062e
f414f4dc
f94af7f0
02c0f889
ff2cf37e
11dff787
0528fc2f
064afb5f
fd9cfbe4
00a7f3a8
0433ef02
fca8f847
09adff8f
0b87031c
0b540d8e
0d46020e
fd42054e
ff3bfd6b
f48a0601
fd2f01d3
00d50e14
fbf40a2f
fcb60f18
f4ca06f0
f95100f0
f9a4f169
01dbf53f
035f00c1
0e65002a
10510590
0b54155d
01f70bb2
fd9209c0
032f068c
03b3ff39
04d40026
ff070764
05f50c09
f88a0bbd
ef251525
f5b802ec
f7b203b5
06fcf350
0310f98c
02b80263
00b305ce
f8dbf637
fef3fe95
0496f072
fab7f533
06470122
0d5900d7
188a0577
08f90005
fc91fc49
0181fc4a
04d3f936
02e2fe6d
0d970054
0eaa069a
04f70bb7
fe101125
f0d90f67
ec0902ac
04a8f9a9
fee304b8
f6bd03d2
003b04aa
05d6037d
f72ef86a
ee8bfa21
fb5702b9
00aeed49
0c5cfe50
fa0ff979
f876fc39
f3ebefaf
00a1f3e4
fd53f6b1
0ab5f1ed
0c66f686
0e9600b5
07270223
00b303d4
06fd0b04
014b00ca
0e56fd57
02ac0aaf
080009f7
00b30a17
086a05c1
049afe04
069b060e
fff6ff9e
fd270b16
fc64010f
fe2007ae
01200410
fc74fc74
0990fd60
01fe0872
04a00d44
f544fff5
f9620d7b
f5dc0b17
f630051c
fce20550
0ca00230
02e1feb6
fae6fa67
f790fa55
fcb4f47a
03ecf26e
06abfb48
02fbf0d8
fb96ff7d
092802c4
080205ad
fcb5f7ab
0560f61c
0472f6c5
0ba2f93c
085505ac
07f80541
06770ccb
0983056b
fcd80537
088e03c2
0305fb75
08ee0ae6
faf2095e
f926fbe8
fd50062c
f375fc0a
fab3fefe
fe79f483
fe57f65f
022d0676
faa7fb2d
f7a507b0
f4b6f60b
ff68f876
0360f425
fed2f899
0ea8fdcd
0a48fee3
0179fe1a
fe7e057b
0436f9bc
f918fea4
08370782
0dab07a1
010e0e64
0e4204d1
07bc19e7
fe11119e
f84e05d5
00c1fb68
071cfeda
0951099d
152f162e
04452495
e8191039
ec11036e
f0fdf065
018af54e
057cf948
059409df
fd280a53
e5c006b4
eff5fd88
e459e863
07badedc
0f51e493
11fbf47b
099307fc
06b00901
edf50085
ff8af78e
04c6e89c
0fa1f4c1
1c6809b8
131c1605
04d21475
007011d7
ea68007e
f44df60e
fd3b0aaf
064b0528
11731af9
fbc31974
e7d21955
ea7900a0
eb96f659
f1aeeb7f
0c85f8c5
0827092c
f7d20a1b
f4ff0793
e36a0023
f5ebe919
00d1ee48
0df9ee9f
1bc8facc
02410aba
fd370da8
f3e60122
f9cdf5d8
0736e801
20bcf378
149cff92
15c81627
0740203f
ef9708eb
ed4e05d9
f949f766
0aacf2e1
10060c9c
15810fb9
04750a87
02a5fddc
ff6d0589
0152fd01
068e06b3
07640deb
059b1611
f7201370
f9eb056b
ef4e0051
f12a0081
fb99032c
01da08ff
01350e3b
f3e7066a
e8d506e7
f04cf59b
0173ebd6
f7d5f6be
127ff992
0edffc0c
0b3af89f
f61208a6
ff61fa7d
0016f2df
ff44e915
13a8f5ee
0ccdf98f
0078069e
02b507e5
fb190299
00360321
00c6f7a7
04e3fde5
17930448
0a8908d5
f12c0f91
fa4c150b
f47402b0
f00f0416
f719fd20
f6f006b5
fdae0e8a
f10e1631
ee730b7e
f12a0111
f40cf9ee
fd71f228
087dfa24
0e54fd9b
ff04fead
f556ff6b
fd88f239
03f0f352
1299ea9f
0841f812
0de009f3
fbcf0a63
0418073b
020800f1
015301ff
02a60043
0972f4af
fdc0125c
f95e094a
0a9c020f
05430d33
03000cb8
f413170e
f0b71711
ea4716d7
ef790289
eaf2f6d5
f0dffdac
fc3cfeff
f7c6fb6b
edc707fb
ec4c03bd
fbc6ef6f
03cae03e
fcf5e17c
0aecf621
1367fcf2
06ecfa42
02b9f4d5
0c08fed5
085df01a
1a0ffb95
15d9fdea
1a85151c
169614a3
0a4a1265
057d1329
fa6f05c9
079a0e7d
02180410
0a581211
f3881b5b
faac132b
e5631169
eaf5fe6f
eaa5fc2d
f283f4e1
f93f020c
f6f704a2
f46e02a7
e699f93b
f109f33c
f8bbe34a
0d94db8b
1829e7f0
0d83f840
0288fd90
1058fc60
0430fc70
0ef4f5f0
1c33ecca
1b4a08bb
25671152
0b571341
0839129a
00480b0c
02d50092
019201d1
00100b07
044a13c2
f56f160d
f2e80705
ee3df478
f8f3f4ce
02990477
fa1f0147
f71d074d
f0ebff5a
e5e3036e
f678ee49
f9c1eac8
054df405
05d6f009
12e903de
fa8eff95
f6adf85a
021aede1
08dcf018
080ff8dd
16b4fc90
1233febe
fb081169
06e70ff9
f6cafe8e
fe1ff49a
09ab0774
0e370c09
0a211002
fb6e1a05
eef11539
f1e309f7
f320fee9
f969f649
f92a0039
fb7002f8
fae40927
ea230038
e98d0381
ef9fecde
05c5e0bd
061ef4a0
01080025
0d53072c
f5e9fc27
fa4500ba
f6a3f8a1
1633e60f
1af3efd2
1fb7fc60
0ba507cc
040c0ea1
07130efb
00570053
00400695
f8e100fd
0f2802a6
008c110b
f2de1cf4
ec74154f
e82a0659
ed15f89e
ed6ff9d9
0204020e
028402d0
007304d9
02bc0135
09cef766
02250250
0937fee2
05070343
0d78fa7d
0c3effe6
041317f9
ffdf127e
036d0c36
ff660dc4
f60d0a79
fcbc0183
077e02aa
f9020b66
f7250bb3
f18f0a6d
f6740659
f7aefa00
00a4f674
f422f8f1
f692f656
f450fdf9
004afe04
f7f0fa57
ff20fa84
02b4f086
0885f30e
05b2fcea
0cd60265
093b053c
0061fca1
0dbefc9f
0211fa38
06c80224
0aa8fe70
0df00c80
03ab0504
0695f706
f77b0a9a
0470fd8a
042b0719
ffe10595
fe120ebb
f6521339
f536080e
fde600a1
f61cf841
00d8eba2
fdfbf9a5
fa1fff5e
fd75fc05
ffdafc67
fb0af3f2
01bff60c
07b7f94f
05c5ffee
0d31fce4
04e6fe6c
0257080f
08a9fb92
05b3fcf8
0559090d
047dfee5
f5790763
f315f83f
f92dfcf5
f8bff5e3
002df5dc
033cf3ca
fa22fcf6
0576efbd
0949f3e5
fabbf675
0bc9fdcd
0cf3f573
0eadfdbf
1241005a
113c04bb
139f06d6
08ab05c2
026216fc
ff6d1269
03e6020e
fb9e103f
feb10fb6
01e90ae2
efa904a8
f2f00861
f506ffb2
fc750af4
f1460290
f01aff02
f489088b
f098fd54
fb6af9f6
fe56f0fb
f61aeec5
0407e4e9
01c6f26c
01b0fd23
04baec31
0838f92c
0b1df3d7
1155f807
15fc04c2
0d69fc29
0e5707e4
131506c0
092709a9
08930641
06dd0b1f
0f361080
005a1357
fae417d0
fead0a26
f21012f7
f2f7ff40
f599076e
f0c90531
f4ed03cd
f2b100e9
eafc03b8
eecff157
f3c6f3fb
05d1ed8d
00f4ebe8
f7edf552
0112ec64
0037f431
13040151
01e9f6f6
fd86fa4a
fe0aed8b
08cbe948
0db5f488
17cf0930
21c01110
07b80fe6
04830d97
01270423
f707fda3
0e0d0fb4
0b6c0d64
0e0f188b
fd391367
efcf184d
e6540b0c
e7eaf62c
fb51fcbe
f744fb1b
f62507d3
f90f009f
f055fcc7
e5f20b00
f27be8b3
f202e2cf
0ef5ea61
097cf812
07b1f32d
fe0dfd17
00d7fea9
fed6f93b
10efede5
0c40f003
1318010c
06340a45
12c90b58
03911042
fe3d04b4
04b9025d
09d306fd
07821152
0aa91a7a
fb68245b
ef7113d6
ea550960
ef12f874
f3aef7c5
fd49f4c9
030aff7c
f9bf0340
e8e4fc70
e401f816
e414f066
017fe618
fe0aed07
0fbbeebe
06c8fdda
0129fafb
fbb2f23a
0743efd1
f9f90656
ef090dc6
e6520201
e12ef837
f3b1f885
fb66f26c
095bf881
f7e8f42e
fe29faf4
f5a6edb4
f758ec80
06c0e9f6
0e09e05a
1c260024
1174ff6b
0e780c26
040cffb4
f60b0139
ffa5f9be
149b07f4
191d0586
0c6814c2
fb5614fe
f95b13db
f8190c7f
f6ce0b28
f4fb01a3
fbc3fcf7
029a0aef
f7251600
ed230e1a
e2faffd0
e65bfd04
f1b6f379
0096ece0
ff98fc40
087ef72b
fcfaf597
031ff386
f940e054
05b5e859
0576e9e8
099bf99d
0fadfcdb
0ccf05d6
0a35030e
0782f740
10710515
0d1ffe28
14430bb1
0c050e3c
04b21af3
fd601882
f8900eb7
f3f509d9
fc9effff
fe2804d8
01fc098a
f3b108f3
efbf08c3
eb6a07b1
f3ddff7b
fa81ea11
07e9eecd
1010fe8a
0d800c88
fa4c0e92
00ac0cca
f8eb0232
fa3f0829
02d80502
010bfb61
06311108
009d17aa
e98d10dc
f2780274
f44a0207
f264ef9d
0584fb88
ff1d00ed
ff8d0a76
f221025a
f122f6a9
f980f1f6
032df214
fd9ef72c
07bef5fc
fefeffc2
0c35fdf4
030df9a2
fda9fab1
ff4bf066
1192fc55
06a4f52a
180a10a1
fdd31484
fba70b58
fe0503f3
f4d80453
0e41ffcd
05b803b3
03ef179d
01590335
f6460a38
ed73fbae
ed56f8cf
f7f8fd15
0913f318
028ffd8b
fef707ea
fcc10797
eff507ed
f77ff943
fafbf575
0976f249
110ef415
0cca0467
0b790c77
00de029a
f397fa6e
08ccf48f
11f9f588
1395fe46
115e11a3
0acb1aef
fbb00a1d
f06a0178
f7e3012e
0cfff74b
14c501c5
0d600a95
fed8077d
f92007e7
f4a00e5e
03010728
0528fd22
0245031d
01f40979
fa7a06fb
f2900a76
f13dfdc0
f0380335
fa6a01aa
fbfefb6e
fade0396
f9e4f956
ff9efa58
f2fff962
fd2ced69
0784eb1a
082cf5b7
0c92ff01
0946f831
0312056b
0988f5b2
ff5cfcf6
02eff81f
0f39f9b5
0c81ff22
09a00a46
fd970b70
06000d38
fc87094b
03e4fe9b
0a3c0204
05970b87
f8300d8d
f70006d1
e7d70033
efa2ff0f
f0fdf56b
fba3f72c
004dfe53
00abf9a4
fdb8048b
f19cf487
fa60f805
fb15eab6
fe44f225
09adf45c
1113fb21
0ef80972
fd3bf83d
032afa94
0559fd0c
0813fe7f
154af93a
108404b6
0a9f04ed
043a0c31
f8ad085a
faae0eca
1519f7db
0411029a
fabe007b
01a403d4
f842f96e
06ecf4d0
130cf9bf
13c4eee0
153e0b21
02470934
08bf07b5
082a0545
08c309b6
0896fd50
10590444
06f110b5
02921e19
ef4c1a5a
e15e0af9
f431fe0c
f613f7f9
f817fef8
f88efab4
fca0055d
ec9806af
f3cafbf4
e8a7f51d
f562f093
0651e618
0cb1fddf
068afdc6
fd150049
fab9f73a
f18cf9f2
095af4dc
1431f0f3
12b3fe8b
19dc0a34
0b4f0b35
fe65177a
f6a703a7
fcd1fcec
0b750492
0cef0415
0dbd0636
08bc1e35
ff470508
ee000f11
edcefaab
f841f846
f73a00a3
06a103ec
fc5bf46e
fe3f08c0
ec0e0150
f46bee16
ff8df637
f9c2e939
1301f1b8
159d06e0
06d403a7
0005f9e6
0a88f421
038df172
06c50961
0ae90a60
fb960fac
061a0a87
fda91759
f4df112e
f7d80d66
ff1410c9
f65a0d2f
ecb402ae
edbf009f
ea46f3f7
e588f658
f1d6f9a9
f434ef01
f716f06e
fd96ed78
f5e8f66d
016ce643
f6d4f349
07aff7f7
13ceed20
0f2cf654
0a31f29b
0ad7ff78
12c2f644
0ce001d8
13ba0c3d
14170abc
0f891149
0a961179
090d1153
025e1355
fd4309a5
f6b113d7
f77d0464
f6730b82
f7e80bde
f76e030c
f11901ea
ebfc0355
f6e3f7da
f74df5e8
eebff4de
f5d1f586
f338eff1
f7b2e4ac
fefaeeec
039df89c
fbe5f6b5
0d7ef14d
1454ff1a
0ac7faf3
0a9cfb2c
066503ea
0733075d
1281069d
061e0602
097c0853
05e50c8a
ff75104b
fd260905
046f1069
f77f0916
f5e505ba
e859020c
fa8f0193
0339feb8
fb81fcbe
000b103a
ebc20fe4
e55ff88e
ee4601a3
0428ec67
0193ee98
0843f3cd
09e9fdd8
fdd0fb8e
030efa78
f733f0cd
06e0f40e
0777f1e5
10b0f98c
14be0846
04a21006
fa0d0968
0276086b
02d7f87b
0acd00d1
10f1fc44
0a3d1053
03f7218f
eef31716
eb7103f0
f50af99d
f0a8ef85
fd6effe6
01eef5fc
ff9f127b
f5a00156
fbe30049
f22aef51
fc4bee82
fdc5ea5b
0573f2c3
07e80283
02890999
fce5f572
f02ffe44
0581ecdf
1098f441
0d06fa5b
10330899
0c000f9b
02090dac
fbc0032b
0570fa90
096400de
06d5051e
072710ed
00ca1358
f5a2139d
eaf70a7d
f3f2f4bb
f3c3fa37
0ce6fabb
03fc0350
f44308ea
06c3ff71
f65f02a6
f6fdf3c8
0bc2f71a
0b70f957
0febfe2e
07080a43
fc2005e7
fc1410ad
f513fb2b
00920237
037cf5e8
0882fc89
00ae091c
017711a5
f73b04a8
f919ff17
fbeeeee1
01f3fa52
0311f555
011602f5
07c1116e
faf50190
eaebfc35
fe3ff252
0071f34e
fdf4f0b3
097c05da
02620715
f9910a96
f42e066c
ffa1f4c6
fd65fae1
003b0042
0ef802ea
09790d81
021d08e1
028304ac
f73001b8
f9d4fa09
03fffc68
0cb805f4
08f309bf
077711fd
05661091
f40b069a
edd3f4e2
05dbff97
fff4f92a
0ae40119
084906d9
f27002b4
f9a8ffbf
f3edf852
fb91f579
0860ed8e
0938fe80
0a01090e
fc43092d
f54201a4
0232fa47
07acf87e
08aa0116
09330269
eb7e02a6
f7b1eeda
06b1ece9
10d0f679
0a7d0e14
0b070b2a
ff7211f4
f5d7fb58
f6f2f3e0
082cf403
1383fa41
14b5079f
078b091c
f5f211f0
f0a21068
eb8cf861
fa1fee90
0767eace
0acff77e
05b10a63
00831426
efeb093c
eaadfbd0
ee4ff21d
0ab0f26c
1a410223
02030477
0b930eb6
fc62091c
f596f6c2
0010f0e7
02e8f303
1d9ef29d
1303059f
06dc14c0
fae30aff
f59a04bc
f4e1ee52
06c4eb26
120ffc1e
14020aee
077f1238
00c31b74
f549fd53
f4b6fb1c
f8c5f5f9
078dfc75
123304eb
0fc00caf
fc970ed8
f36806c1
f1e902aa
f903e926
05e9e85e
02d9f880
14c103ee
fbc40723
f9400b1c
f0eb01d9
f3d0f567
0aadf011
130302cd
11bc0cf9
09db0ce4
f93afc3c
fd54f8cb
f75ff090
efa0f7d3
fc3aed0e
02ecf1c8
fb19fc6b
08d0007b
0c5e081f
07cfffd2
0402fde9
0ea6016c
03b1fb68
1001ff8f
10a9ffd0
0fa5074b
005c0726
ffc60dae
fee2031f
057d0405
0521022e
0c0507ee
f7aa09ed
fcf50bdc
f83c0426
efcbfc38
fa55fc66
f4b4fb7e
012ef99e
f954fc22
fa1e0220
fb1efc44
f3d1f07e
fcc2f120
ff34f282
0791f4df
05ef02a4
08da0512
05820606
05f002af
00df008a
0344fcb6
101bfeae
102e037f
0e9b0b45
05e70af1
fc2404da
fd60029b
0235fe7f
ff200021
02510658
046009f3
ee4d01ac
f4160c8a
f50e00bc
f2da0635
01ddf6e1
f65df753
ff5df63c
ff0bf842
f117fa3f
f609f739
f989f580
01d0f96c
08260765
0e251769
00bb0ec0
f3cc06e4
e9e70288
f339f427
ffebfd85
00750110
016e00b8
fe731069
f37e0d89
ebb30592
f492f1ea
021ef60e
007effe2
05d402d6
07bc04d7
f85f00ba
f62bfebf
f1cdf7f0
02d0f35c
090df00a
19a2efa4
0c900077
0b4b0e81
f5f408d8
f643f797
ff03f794
04b5fb6c
0af20391
0ef6131c
0c9c1395
ef3f04b2
f98903b1
f609ffaf
fdf40068
fcf2fe69
05a2146d
fda0083f
f54e0012
f171ff4e
f375ecb2
fb04efeb
0e64f68b
04f9fa88
00dbfd0d
005f028d
f5e2fed4
fd6efec5
00e5e9e9
0693ebe0
1295f6b9
05ff0851
fcaa034c
f4690b30
ff8a00ab
fa0ff8a1
0816f765
0bec029c
08080cd5
f6630b44
f83816be
f374041e
fbc00c64
120700fa
06a50772
12f9075d
09501172
0406032c
07ca0a10
fa1308c4
0212044d
f54c07cd
026d11c6
ef330d89
f4de0b03
f013069e
ee1e01ad
ecdaf9c9
f715fc50
f67ceea9
f7a1faa7
f5cbfbac
f689e75d
f862ec8e
0272f782
0220f716
05d7f562
1041f4b3
0acbf20e
041ef7ec
0f030161
119703ce
07ecfeaf
183efaec
0d601274
05190798
0548124b
0ca70cbd
fcb1172b
efe11373
002307c1
f14d1140
f750083a
ec4405c4
f5ba01db
f06c02ff
f83dfb2a
f68dfbc1
e903f30c
f172f198
fbd5f827
02e4f0aa
045ef8b1
fa6df5bf
ffadf1ea
0556f1af
0fcaf520
0fc102af
10fdfb47
1fc9fa39
0de00580
0ec40329
04dc0144
06cf070e
07b508ef
07570465
ff7c0bbe
f0f6f2c0
00def4c7
062ff78d
06f7fcc5
ff2fff4d
f97bfef9
ec47fbff
fc95f716
07f0e702
1055f87d
0deceec5
10b404f8
fed0064f
f0b70a89
034000d1
09c4f1ac
065b0349
0ba3ff13
0b8b0b37
015517e5
fcfc118f
f3d80ecd
f172047f
03aff819
012efa6a
02bb0463
fc310c67
eef4118a
e733fcb7
f0f9028f
f5ccf321
0527f3dd
0b94f232
069603e2
ed04087a
ecf50705
f879eaf6
0140ecf5
0986e98a
13a6fbe3
0b040c82
02240d8c
116e09f7
f91bfcd8
073c02ef
0f8ffd01
0fbc07db
0999131c
037414a2
f85c02f4
e8420d05
f43afa1c
fbf3f25b
fb87f7a6
01bb075c
fab305f9
f15a0a8b
e9bff71e
f44cffd5
f38df317
0562f265
0367f83b
033e01e0
f40107a4
0ab4f91c
0b4a00e4
133809c3
ff861d03
f96e0851
fb6bfab3
fe74fdc7
044efede
0ef2fe25
0ecc12f9
06fd122d
ef3f0784
fa01064c
e82802cb
fb29fda2
0165f712
11b902b2
fad8077e
f046fdaf
ea22f9c3
f3b4f209
0d24e9ed
0d8ff34a
0bdefb3d
01c40a7e
000b0403
f3f0ffe1
f683f5ea
fe1cf441
1000f0e0
133ff50c
141605f8
00c30686
f7730f88
f56402ef
f899f903
0707fb37
07ab084b
04a80c5c
043d17dc
f37f10a9
f8affdb4
f3d1f045
f48af9ac
0394fab0
0622011f
085d0573
020e032e
ea160177
f442f3cc
f8e7ef5c
0767f59c
0bc4f55a
0a57ff69
026a01a2
fd3a0204
059efcd9
ff0ff313
166ef66a
0915f883
0cce0aa6
0f780b6e
faba0b26
f7e90d79
fca8f458
06edfc74
023b00e6
003afcc9
ff2bf662
fcbbf132
17ffee1e
0fb5fdf0
1453fe34
08fa04a2
0260108d
faa6085d
04df04a4
ff11ff0e
03e50682
06160410
fca00ab4
f47a0cd9
ffad0919
f68e0637
f592fbd7
f9dafb5e
f9d301e4
f8b104f4
f3170075
faa1010c
f542f8e7
f94ff22c
faaff2ce
02b7e8e2
0473f9fb
05a2fb70
fefcfdbb
05bdf8f4
fef7f4e5
1028f16c
0466f55d
0aacff98
0980069b
130b0c80
063907af
0d99066c
08000d6a
02460d48
10ab10d4
f8ec0a74
f03d10c8
f604039e
eb0608c0
f982fe28
fc62f599
fec00043
ff95011c
e733f8b5
f60d03a2
ef93fd98
fd4df701
fdd1f1d6
01e4f706
011aedf6
0634f80f
04ccf7ac
fe77ed64
fe4df692
03d6fe26
0e87fd22
15a0ff24
131d09ca
035a04d0
097b05be
fde10f2a
063b0d54
fb7800e9
f77d06eb
fa5d0db9
0036076a
f89b0b77
f5a70530
f22006ac
e93f00ff
f86ef5a0
f06102ca
eeed017a
f23dfac4
f523f389
f26ff339
fdeeef9d
010af744
0ee8f60e
1017ef7e
06e8f434
0a67f1a3
0a3ef368
1407fe00
0fa9f8e2
0731013f
06beffeb
0a6913b7
fce00f2a
0ad61171
023113f9
fdc415c0
f8c60b86
fbe30a14
f3d612d6
f1bf08b0
f37314a7
f48cff32
f2c704ec
f2db078c
f29803ae
f9c2fe59
feecf49d
f231f005
f806f550
f4cafd69
038becc3
0173eeed
0366f03a
1062f3b8
1218f6b8
11bbf609
0d3004e0
07c4f960
0f1efa82
130404ad
13390d3f
0cc909df
0547f38d
062becd3
0747f797
12760319
03890594
076af7c8
0d7ef608
0747fa89
16230031
0da40c3a
13c909f4
fadd14fc
fb8d0cbd
f7ca0382
058e015b
fca304a1
f7c70d88
f5710c3c
f456078f
e9960f24
f426048f
ea98f79d
fcb2efa9
f97efdd1
f53601ff
fb29f7e8
f0d8ef17
fad5ea70
fa28f252
104eeea3
0866f1c4
098bf03a
05aefb46
1062015e
0374f875
01f5fc3f
0f60fa4e
0ab605d3
082f052f
ff6c129a
fc071013
fd5d0f3e
f0660c5d
fc130ab3
00380ffa
004f018b
f11416ed
ef22134e
e9d403b0
e899fbbb
ecf5f2e2
f46df1fb
0867f47c
0300f4fb
f73d040d
000ff20e
f4e4ed44
0a25f063
0adbf1e1
0fe1fd7d
0c38ff5b
0b060530
06c5f875
fe29fc10
08bbf634
0362041b
062f122b
f7f20cc5
02560c27
f57f0b92
ffb7fc39
f641fdad
0006fd58
0ae5fe2b
f4cb0c23
f4c1080b
e5c4fc35
fe41ef75
f923f08c
f6a9ef80
fbb7fb98
f81d05c1
04fff34f
03d4f32b
ff4100bc
0cdffc3f
0304f8bd
134bfe7b
05c3fac4
01c6fbdb
033609ae
f8f511d2
fb91fa7d
05230168
0c0c01d5
07270a7e
043307f6
feaa0eea
e744f885
f6e90f2a
f6bbfcf2
fdbaf752
0696044f
f9950804
f7e700d3
e8d40260
fadef736
fd14fb6e
0011ee65
fe8bf3ce
08ba0736
070d00da
ff9cf4e7
fdd9f3b5
f9eff214
0539ed9b
08c4ec4c
0d340107
0ba2ffcf
fc4c0971
076d06c5
00d3084f
00a0fd6f
140b0225
0d52f9c0
fe540d08
fad511e7
f4ee052d
06faf6d7
0bc4fc62
012dff31
0ca80cf0
079c07b0
f7cdff46
f43d03e7
f785fb38
08dbfaa4
0ce901c5
0c1a0f1c
f3ab0d28
f66a067d
ef3afcff
ede6f3ef
fa49f146
02a1f869
06cc0c01
fa510a81
efe609db
f303f94e
f18ff35b
f943ee22
042ef580
0b7af77c
06330b2b
ff800792
f836fc79
ebd5f36a
0556e41f
10d9f661
0d6a0158
0f160e69
fe7711c1
ff8707b6
fa1bf9ab
fc4cf9a9
fbdbfda9
0b150496
05c10bd4
007f1224
efa30374
efa7fb3e
fbaef5c7
04f2f43d
10c70209
075e044b
f82f0743
f8470c6a
f12b0058
f1c9ec6c
0820f237
0f7bf72f
0f1800b1
fb57079f
fece0a17
f6cb0aee
f2c4fc64
0443ee43
0cc3f3ff
0dc3fe3c
0be110f6
034a0f1b
f42f04d2
097dff5c
fec7ff0f
011a037d
ff5f05b1
f7ff03b6
05f1fab9
054c026b
04c6fefc
fdeaf9c5
f8450643
f9140647
01d7fe8d
08b0fea0
06eb00e8
fe0e06c5
f7ce0643
fbb2ff35
ff13feef
f7c9f5ea
fcb70481
00b1fcbe
03f5002d
fa880575
07cff762
01d3ff09
f75c01a9
f83af707
0316fe16
fd65011c
05fffaa6
fc6c0a1a
004102fa
02db03c7
00d1f563
ffb6f6ad
0ac30468
016f094a
fc44052d
f8de0a50
fa180864
fa73f089
ff40f409
020f0082
034a0788
00ee03ab
00b4f96e
ffb8fb39
fd68f86e
f759fd7f
0138f557
f8c80489
00efffe0
fbb2009c
01acfc13
fb2efec2
05cafbf1
ff9ff7d0
07170099
0496068c
f6650e2b
0032fcc7
fb08f6aa
0102fa89
023c01dc
ff80f4a1
ff1df883
f94c0205
f1c30b77
eeacff2a
f3e3f6fd
f586f1ab
03eee800
121df646
0bf4f9f2
05ef06c4
057104a1
01a00922
0de3fa97
0e5dfb50
1634fe84
1b270afa
06910b8c
fe0515b3
fe8610ff
ec320b32
f2a7002a
083e09b4
06ab076f
fb520538
f6e11944
f22d0b6c
f721f536
f43cf340
fe55f181
fe93ffbc
03c1ffa7
ff72fdd1
f835010d
f85dfa32
fb1ff002
08eeeaba
0764ed50
14210151
0ee80592
fc84fecb
f98f0620
ff60f30a
062df64a
0c1ffd36
0c310f6c
fd1913c2
003a0fd5
f9b7ffbf
f2bd0917
fd05ff3b
04b9fcbb
024a05df
00cffe0f
fe590f3b
f2801078
ec2aff87
f1d7f356
fb61fcb6
fd03f598
12b8f724
f9ecfa05
f216f875
0132f6d0
028b0546
08650649
fd54fa72
0bcef35e
2176efac
109ffce2
0f950a5a
07eb0e18
f59d1898
0102042e
f1500d91
fe3bf87f
024b09e4
0b480dd4
fc7118e1
f3f31089
e218fe38
ee73f4ca
fc4bf39c
fe74fbc3
06b4014a
fa560935
f0c0003b
ed22f82d
fb94e2cd
ffe0e8a7
165de5d1
0fc4f56d
09ab0a75
0c120943
ee4c0198
01cafdcf
004df7a8
15e0f42a
10b601e8
0bbd0fd7
06a81617
f3571a3b
f6110b69
fbf2fdd2
00bcfec8
0a7e07db
fd0d0e8e
f9211613
eafb0fed
e46efcf5
e822ec96
f01ff3f4
f983ec86
05ebf74b
f30002a2
f450044c
eda9fbfe
f1c0f10d
fcbee392
0567e363
1968f790
0e33ff76
0a74118a
fcb201eb
01bcfe88
f6d8ede5
1112fb75
11e20504
ec3ffd41
f4a2e550
f3a5df24
05e3e5d8
151de424
1e9ffb76
0a0304b2
047d03e8
08dcf7ba
0197ef3f
0aa30212
25a503a4
25b10ef0
1edc1dfd
039f14a6
fbc20f0d
ea560c1e
03030180
052803ac
fe750e56
04b61ac8
ea011075
e1c70ac2
df4dfcf1
dbbcf5ef
f3f5f59d
f51d00db
fef0fbef
f34a0194
f3eef76b
f210e773
f4c6eb33
feb5e569
15cdf4c9
1829f8a2
09a4ff3e
12b90698
08fcfdb4
061ffa09
13baf180
1a4bf50a
1ff10457
0823116f
06880f38
04fd0c1d
fd480fe4
feda099a
0046040f
06cd0988
f9c72378
ec601689
e6bc10fa
df81029e
ea29f54f
f939e7f2
f93ffeba
f7b0f7c5
f239fa77
f71af7a0
ee73ea87
f580e97f
134ee6d2
1855de1f
1887f137
0838f170
0e0eeb67
0dd1fbc9
00c8f961
07d702c4
fa3cfdd1
0bd3f60e
025cfcc3
05dd0542
092c0652
010b0b4f
003a109c
f5740e27
f8831004
fc1d0db0
04aafef9
0afc090a
f8b60a8d
03e70919
f41106fe
f1e603bd
fb5ef751
f5fff644
0552f2ab
0413f942
f38308e8
fcbafcfe
f724f131
f38c0063
f8a7f766
0551f953
0218fe45
07ba055e
fb9506a7
0378fd01
fd15f74f
0285fa52
0872f922
05f20c2d
0eee1144
ffe30b59
fb60082e
f476041e
01e8f927
fcdc0109
01f102d6
01cb04b2
fac20091
f31e06a6
fb4afea9
f039fc09
fb19f8cc
fd9c009e
06e8faaa
f5c702c6
ff7c0317
fb48faa0
f5d4f8a5
fd5df74a
0e070041
072103de
0a2ffd87
0845fd56
0152fdc4
0c6f0217
0fb8078d
fd69027e
f649fee8
036ef570
0e22f656
0f03016b
02a7ff9f
06cb0191
f2250542
fba60e81
f654020f
037202ea
016c0db1
f8ea05b8
f7340def
00e11032
f60a05c3
f10800ec
f898ecb0
00e7f681
02160462
00cafb45
f8c20832
f0420960
f50df6a0
fb52f5c0
00a6f090
071df91d
116ef8fd
02640286
035e085c
00bafb50
f9fefad6
01e9f63d
0ae6fbd8
11a20a4f
0be10bd5
03c8088b
0327fee0
00ff08ec
ff74f651
f299fb72
02b0049d
fe930311
ed350ca6
ee0f01ea
f106fadd
f27bfa4e
0869f6fa
0563f93e
03d204d2
02f20121
f4da079d
fab5fa01
0504f783
08e4f574
0f17f907
0d8ffd83
ff14000e
0dde054c
ff0fffd0
0569f7a5
04d601bd
f592f220
0520fd69
05b9f175
03a1fbfe
06e2fdeb
fb950848
fc24ff71
fca0fb43
fdc1ef79
0d1afe3a
0677f5f4
0c750517
107709ef
ff580db8
f74602cf
ff82fb87
129f0198
0e930737
07ba08bb
fdea0618
fb160dc6
ed5500ad
f139fc21
f790f9d6
f77f004f
00bd0b0b
fe4b06c8
010409d5
f790fd05
f92bf4f0
fb61f43c
02dbf656
fd4ef98f
057e00e4
0392014a
ee7b0278
043bf2ee
fd31f5d1
0c9ee9f2
1269fddb
1d220b93
09dc0559
fea007fd
02dd0538
00c4ff7e
ff000466
0b350a0e
11a7112f
03640a81
facf1476
f6b1fd83
fc55fcdc
fce0f8cb
f6c0f7ad
fde5017a
fb2d08f0
f90c02c8
f9c904f7
f610f05e
fe61f393
04bcefd3
07e9f767
082df91c
f1f4f816
0927f99b
fe1df3de
087d0ae1
fe941233
ee7710cf
f7c601bb
f2820140
fbf200b1
fe62f951
025c0590
0310feed
f9360d11
f9f60081
ef33f0d9
0431f345
10c1ed99
123af4cd
08be0197
02a30336
02aa01d8
f8b5019f
0103f46d
1258f6e0
129701ee
06350f62
01570ce4
fc9602ed
f193fdbf
fb9df7e3
080a03a1
0d890317
068f0572
fd2b0d19
f09a10ea
eaac101d
f5210600
f6caf5f0
0a1ffc03
0531fd88
fe6e05d3
f798f8f0
f454022f
f9c1f152
f819f1ba
0396ea55
0c55f64c
fc8cff02
08dc0b1e
f8b7fadb
fbc004f7
fed0eae9
07d1f8b8
031300dc
155011f8
fdc51631
f6f40432
f2f5fcf9
fa4103e4
ffd3fc85
0993fca2
02910696
0c150ca8
f7440200
f61b0bd7
0900ff34
0b630428
0b820e6f
04ac113a
f86b0f03
008d1345
fa49040e
f7550a23
091b0b79
fccb0ee1
f092038d
f99102c5
e8e5ff7f
f971f928
f6f8f416
f95bfd4b
fd5df600
fd51fa04
fa75fcda
f650f72a
fda3f8f7
fd97f78a
081af5b7
09a2f65e
0628f85d
08500227
fda301fe
074d057f
0fc901d4
110e011d
0bd60116
0b5b09bb
027b0c0e
00a90e0f
f4f518a1
edc50b1a
fca0fa92
fcc010ec
fcbe0097
efadfb5e
f4310789
f5bcfe22
fa31f83e
fc31f63f
0229f78f
fef0f491
fdacf69b
fa04ff56
fa2bf3d3
00f6f450
fe8eee40
03f1f389
1022f66e
0beb02e4
085e00b6
0d8f05d0
028001bd
0c0207ce
0a63fe23
0a0af82f
070c0853
0b600a03
fa590d83
f19b0b0e
09e4f999
001e0555
fd78f906
02f4f0c0
0ba501be
10ecf3b0
0c17fcae
1069fc1f
10250a4c
06260884
05e70820
00c30f7b
ffb201cd
08d800f0
0b640a59
fda90b04
03d10041
f5ed022f
f1cb05a2
f9ddfad1
0041fdb8
01fb018b
f8090689
f1b4f854
f86bff8e
f353fdc6
fdcaff65
02fced67
fd05f739
fcfdf0a0
fc3cfdfc
0681fbb6
fba200fc
0577ffb9
0a16fd00
0d050757
0910ff6b
0866fd06
020f12b7
0c370104
0b1fff4f
086b089f
ff8305d0
03150e2b
0220166d
ecf306dc
f55910a2
ef450413
fbb8fe69
f99900b5
feaefa49
f701fc57
ea9bff8c
f230f09a
f8baf418
f79ef3c9
0539eef0
f416fe27
00cff4e5
fff8f671
0ecffb9e
02d7ffac
f900f80f
0701fe7f
fdc4017c
f408fab1
f506f167
03eef539
fb1feeb0
0578f42b
0b0cf9e5
0e2307c0
098ffff2
f7dcfb26
f604ec3b
005ff5dc
0b00f8d7
0c7d0689
0fd40543
06c116cb
f9711147
001b0497
fe010765
fde90375
0286fd7b
f6fd1098
f7b01722
f6e00561
ed18fdf7
f2c5f527
021afaa4
ffeffcdb
017d014c
fe1507da
fa1ff7ea
f183f82c
f410f5c8
091cef5b
051ffd98
091df6f4
0858ffd6
06a800b8
0252fc6b
09b7f46f
079ef952
1758ff1d
0dc30982
06c111bf
fbae09f7
f31705b5
f57cfd69
fc7600f8
0004f5cf
043d086c
07e50ed5
f6ce0f39
eee50d2b
e9aa05fe
f581ff52
f7a7fa2a
07b0fee8
fed702dc
eed40398
f626f955
f0e0f48b
fe8bede0
0491f66b
0302f6fc
ee83008a
f1a9044d
ec6f0671
e3f3f49e
e871f9a5
f1daee6f
fb11e945
0176eb14
09d3e798
089fed61
031aec13
fffef754
08a0ebe1
110df431
1bbafb8a
1be0f877
15afff5a
1c2b0ac8
18381474
090c1571
0c1610ad
08e1164a
062215d2
03461014
009a0895
e5be1a6c
e9d50959
f1ad0b5b
f18f07dd
ebd60315
f24bf59e
f222ff7b
f252f832
e600f594
edcdeb4a
f340e369
fe29db33
03f9ec6c
05b3f1e8
0bc0f14f
0e87e731
0b5ceb1b
10f8f345
1de8fad5
1dadfd4c
16340136
17c00a25
0c710db7
0d980abf
02820f0f
0d2612ed
094215a3
0bde1220
02a616ce
f3bf1505
eb2809ba
ee6c0f28
ee410b0c
f0ab00b2
e660f63f
e09ef749
df01f685
f04ff226
f43de909
f543e8e9
fac8eb74
066de4ce
174de47f
0d07f244
0dcaf76f
0711f982
04bd0227
0505f56c
0f75f745
18c7fc5f
15d80a73
14290df4
06fe18b2
008d12bc
fe961486
fcef11a6
fc470a2c
0037127e
f388133e
f5c10cf0
e61e06a4
ee0d0a2f
efacf6e4
ef39f42f
fd35fb5a
f473f3ef
fe53049b
f94efa79
fa25f4e6
fab5e9d2
fd68e7e2
0be8f484
151af083
09f5fb5e
102dff06
026cf2d5
05fb0617
1d1d05fb
11af0226
191907b5
0af41263
0df81b0b
0135141d
05b019cb
02be1110
fe870ff8
ff2c0659
f447134e
f4c50e33
ea2e079e
e22c00ab
e0da03e5
f17dfac1
f6f9f2ea
ee46f5a4
f006e6d1
f650f2aa
f32bedda
ea4eecda
0045dfa5
0725f079
0e43f344
0372047e
f2740044
f8b0f712
fc18f362
f6ecf968
fd2afb4d
0af1019a
fee2038c
fa30060b
01ecfa50
f972ef11
08e4f171
0fd6f9bf
03b9045e
0c2b097b
06650f82
fe7903b1
fd15f27c
ff8a01bb
029d01c3
05af1073
fce81422
00be002c
facc0834
f6f50106
fa72f561
026cfd30
fcc8f448
09991169
fe2c022f
f04e0725
fa19018b
fa02f2bf
0551f411
0c07ffea
0833fe5e
fe4d011a
0178ffe5
f9bdfd14
f7a5fee1
0854fe53
0783fe36
097e00bb
05de0f16
fc0d0c74
f753ff13
fddffee0
fae2f522
07b0f3d6
04990585
fd3f09e7
f47d0cf1
edd30919
f165030f
faf1f87e
fb76fe4e
061f05a4
fc660fbd
074e03c6
fe070721
f01ef04a
fc79e6f3
00b6f965
04e20338
0aeaf609
faa112e4
eef90891
e3edf3ed
f825f0af
0de5f126
0663f988
0fa80c60
fb550fd3
e9f70374
e046f7df
f19ce6db
0807edbb
093bf02c
0e420268
f9be0994
f90b0424
f4adfa6f
fdb0f38a
1348e733
0bb3ebd9
15ad1414
0ba2092a
fd1315c8
f20906fc
ef4df79e
02fcf146
0a0af723
0f380526
076a148e
f6131899
f2a00b64
e532f7e4
ed3ae54d
0171fa11
0452fde8
067e024a
f1500662
e59b066b
ed89f51b
f56debaf
002bec8c
1049e94c
1729feb0
00ed0c66
fa1c0f01
fe0efad9
f6bef62d
0ab4ee64
1e7c00b5
103e11da
05e1193a
f913112c
efbe0252
f7d5f5e5
0508f059
0d3b0049
10030b47
09441161
004b08d6
ebc70913
e7b4f836
fd36e9c1
0a7bf61b
0b14fae1
e991170d
e5f2f021
e598e301
f23ae269
093de2ec
1b4e0539
10710e1d
f4f3165d
e371f8c3
f0ffe5c4
f624e966
18eadd39
1e35ffb1
1cd20423
03ec0b2c
eec90d22
f05d0263
f0dceaa2
0c40f5de
1d0905d1
155e1063
fe101c09
f24f23aa
f4750952
f5e7eb81
fcf6f40d
07ed0156
06040858
03de1431
dfc51265
e1790176
f826f200
0130de73
0f4ceb33
1805fa74
08b70077
ff871028
e805029c
eddef476
f887ddfa
13ccf517
1e45ff3c
1037090a
08411e9d
f5860d29
f0f4fecb
fd03f050
1435eb5c
12a8f9c2
0c0f090b
007f1311
f3bb1977
ea59fd34
eb1df767
02c8ea74
11a1fbfc
13e30359
f5fc130d
ede70fe3
edd0061d
edf6ed28
f8ace460
07edf0df
166d0054
fef6e9d5
0f40f79e
1616f2dc
0bc60f9e
069a0c05
fb38004a
05c5fff2
ff9afb93
0b54ef80
0a4b03c4
068204c6
073505a0
e8fc05d2
05d707b5
f564fa60
06bffa9d
00f1fcdb
00f70d02
fab10501
ea7c11eb
f447f3e2
eeb9f90f
f6bfeeba
1223f359
0f830a3a
02420603
fb8dfc43
ef690308
f951003c
fae9f625
0e08f9c9
0cc6ffc0
1063057c
f7cf0420
f6cdfc1c
fa5b00c4
072f0196
0ad1fbff
126f0104
ffba0de4
02241811
f3c71028
fa4f0931
ecdef79f
037af75d
fde5fa42
0601076f
f9840cc4
f457089e
f1d101be
ed67ec85
03f9ed48
ff1af38c
0e2b05c0
036207d4
f346fae3
f75b00df
f205fae9
0118e982
0dfff74a
171d0167
0e1e0b0b
0745153a
fd9108ed
fa27fb5c
f4400564
fc9f0a24
f353fda0
f8450c40
fc63f82a
f85ff9ff
feb3f2fc
f8c9072d
0e5af8b5
fd1902b7
0807f90a
0649e90f
01e7fa39
f983fca8
0821022a
0a450252
00ef06a5
fe450397
f7effcc9
04570084
00bbfe49
070f0029
0f3b08cd
038b04b7
04220889
fa5802f9
fa7009a9
f7f9f912
f9ae0405
0016ffbb
f3aa0a83
fcf5024c
fdc80642
f615fae4
fb2bf338
06c1fb30
f9d1f9c9
f84700da
fe20029f
f646f392
f9d4fc09
0598fec4
0b2bf97f
030efdc9
12a4f950
03fe0441
04de069a
ffa3ff42
02f3f8b6
035fffb9
fdfe04e9
fad00aca
fe4d05cd
f5030b65
03eefe46
f63b0963
fc8c03d0
00d70783
facd06b7
fae906d1
f65906d1
fcedf629
f5e3f811
fa6cf058
09f1f598
03cbf7ad
11a7efbc
0e250183
09ca0a1e
f6bd0151
f71bfd17
f960fb89
0707fa4a
135cfe07
0aec075c
fe871259
f8f70e6b
f6fc0071
fe8d061f
01c20721
05fc00ee
023d1063
fa0a0f6a
e845081e
f3dd05d4
fb2ceb32
fd0ef8d1
f902f0bc
012bfc83
0513faab
f5ed03e2
f7d5fbd9
f6caf4e7
05c1f611
fa0feabd
05d9f8a1
052a0235
04970f10
fb040e72
fc1a05d1
04eef950
10aaf54a
04f8022e
1b040cf3
054c1377
fb2a0995
f3720307
00dcf622
058af19a
09570a19
0ab50291
ffff09e0
febe02bf
eb190052
f599f832
fa7df0cd
0433fd0b
0979fefd
034ffd52
f32dff40
fa590192
ffa8ef6e
05b2fe8c
0ba8fc14
09aefd1e
08ae035a
03740eae
0e7ffbe1
1291f8e2
08270675
fc3609a4
f98009e7
f821fcde
01fbe7b3
125bf4dd
124b0671
081b12c5
fe750696
f34c052a
f534fd48
f7caf34b
fcbe056f
06161173
f7842147
ed291303
efc0031d
e6b700ed
e86ff47e
ff81e980
0abef672
04dc0a03
f99d0468
f42f0a5d
f3d8f980
f403ed7b
fe79e00a
0ec2f123
1a1b0580
09e112ec
ff9d0a63
f3dd0032
0590f65d
1268f26a
108afcf0
13440101
149d12e9
fd8114dc
ef1e1469
ff03f0d1
f8fded73
0f5e0460
04850025
0ce00f26
f11c12fd
ed440cac
efa6ed20
f4e4ece8
f91ee6e1
0f64fb75
0aca0259
f75cf82e
f6770aa4
ef60f3e9
027aed6b
0e9ceadc
1966f6a5
0ceb0d2d
078912ac
f832091a
f7e000f2
f6dcfd13
045203bc
f403f7ef
f57b024f
f9dafe32
0354f9a8
fe66f95f
fda7eae6
0412fe09
ff36fd97
f844f922
1268fc78
0f34f78f
0507fe61
05080405
ff3ef955
fcfbf9eb
051201e7
0473042b
02690754
07200a10
06d405af
ff62069a
004f0fa4
0202000b
fb71015c
f8e5078b
f6b7fe75
f3c901bf
fcc90872
f661003a
f525f9c8
f37bf5e2
f761fcf7
f4e3f611
ef4cf740
faecfdbb
037300a8
0366f7b0
f9a6fad1
01820362
0e79f831
0b9bfa6b
05bafa98
04c4034f
04dc04e7
0aa4fa70
06e402b9
08c10523
054bfb5e
ff810c05
10c90358
058a0373
fc57fc94
f6660251
fd460821
f408091c
faad104d
f2e6ffc5
f257f5cf
fc16f9a7
fc7cf611
f69cffca
02e8efc7
f8b3018e
f6bbfebb
fcc3ffd3
039dfbe0
0651fc84
0739fcb0
082c0046
fd50fed0
f863f3d4
fda8fbb7
03f0fc4b
06baff76
0464ffa4
03bf08a3
111001b5
0057ff37
ffe90537
fd2303b6
0e6dfe78
00e002f5
fcee0ca1
fd7d0a1a
f2ae0fbe
f5aafc2e
f7d6f8d5
ff6d010a
f6ddfc8a
f5e70155
fb56071c
fcfa02e7
0476fdd7
0829f584
fd8dfd6c
ff79f389
ffc004c1
032ef4cd
ff60ff92
fc0c0455
f9000234
0247fa8a
07a4fc29
fe210894
09a2066b
f8e5fff1
f0e804ca
02d4ffc9
f803f745
0434f903
f7dd05a6
f7d40c2e
fa5d0c09
f7b70378
02c90722
fad5055c
fbd002ba
098f01ca
05a6fed2
f5a70278
f8d1038e
f117e930
fe7bf7d0
01c9fa79
fd50f7a4
0c7dfc30
faae0028
184b08f6
0c5e06f6
157a0890
f9b919f0
f91b08e9
019c0da4
05360dee
06c90a7e
fde80cd3
fda016a5
f0c50f0a
ea300705
ec17fbc6
f378f914
f568fdfb
f33f01bf
f879ff77
eb5502e6
ef44f683
e8f7eeed
01bae9b7
0f2be7e8
0801fed8
08adfcda
043504ea
055dfb0c
0648efb2
0f28f617
1380f991
18d30341
17940c73
0dd0147a
f76c12ed
01c0075e
082c084f
ff0d10fd
ff980bc6
fa46181d
f78a0dc7
f3141668
e94f05cc
f05c039b
fd64f69e
04a2f54a
01000ada
f3be00b7
f2b4fb9a
f539f1ab
f5ade7ca
08b8e43c
0b4debd3
1616ea25
07fff871
0b2e0361
fd59f3a2
0350f555
10ddf8d4
2425078f
192dfa14
0f6b1a17
0b631b39
002713ed
f628064e
01df033a
169b043d
153d0bdc
04b61be0
fcb41410
02281065
f6a9ff1a
fa2e04b9
08411239
ffea0237
fbfc0cd1
f57b1073
eb51feea
e77ffd5f
ecfff1f8
fd4aef60
0654eab0
050b0504
ffc4058a
fbe6f4c9
ef8cf42e
f890f129
1125ecee
1517f5da
1a8301a4
05f811db
0366086e
fab1fbbf
051bf9f2
06fefbb1
0f2cf7d2
13f80c1d
07bf1700
f9801940
f60c0bb0
f460fad8
f9a4feec
fd5dfb4d
fd0802c4
08140943
f41611db
ede001b5
e780f4e7
fcaef397
f93decab
0449f9cd
ffed0078
fe05fa51
f8470644
fcecec8f
fad0ec8e
1102e5bc
14210083
12f00a13
0d99081f
02311164
020004f4
0820fcb1
03e6fc6e
0c1eff51
05e2faaf
0633194f
fa2312fc
fd8806fa
ea800871
e7920ce8
ef800525
fb1ef302
047ef75c
01e2072e
fb9504ca
f2b0ff59
eb2dfd9a
f3e4f9f0
fc9ced9b
06a7ee71
1307014f
0bd1fda0
f9d4fe2d
fad3fc95
fd7cf2ba
0c6aebb4
14fcf749
1d590817
14940cf7
03f50570
faf00f8a
fa890dce
0009ffe3
016d0339
0a3406f0
0b2e124c
03370e2b
ed720d7c
e66c0850
ec3f0069
fa06f0d2
029ef978
05a1010b
f8c9fa81
f04e04c2
ec81fbc5
f664e9c7
ff5de9b1
0579ea9b
1224f35a
0da4022b
0ae20459
fefaf5c2
fce9f931
08e8e857
0f55e9c7
17ebfb6d
1a8a1466
0ec3140e
f8f010db
f3ed0df0
fbb005f5
0f7900ba
0a4504fa
0989119a
fa421ea8
f37e11fa
eaf00782
ecaafeef
edb1f90c
fed0fa96
0107f5e8
02a2054d
f21af6bb
f138e124
0a1ed129
179de9b1
1d4ff425
1a980dea
0cba0fe0
01edfffb
0006f7aa
1190ffdf
230d03c9
21ca119c
0fb5111a
fe8e2412
f9ea2264
e760017e
f42c0310
00bd05e6
07890985
03f01359
f2821954
de0f1262
cc1cfeec
e695e9a5
ea43eacf
00a3e535
0299fd5b
ff7301c6
f0b6fc0b
eb23ecf6
f8eadeec
1196de0c
1419e832
27f2fce3
11d3065e
04910a2a
01000c9b
084efa67
0d64f63b
12e30692
1b970d53
17b7149d
fb591f65
f44725e9
f29e0bb7
e810086b
fc73fa5b
0358059c
fcab0d1b
ec762217
d4061264
e03cfd93
e0bbebf2
eff9e92f
0603ec57
ffa0fbde
068d136a
f7d10279
eb6af16f
0172e3b5
0fa3d44f
19aad926
17cdfaa1
17091224
1156117a
00ae1072
f9d61211
fa30070b
f3fbf524
fde20318
0e4df5b7
11a806e4
f8ce0dfa
ecbc123c
ef0507fb
f52af318
f202f2e0
01d40353
0836fd39
ff1e074d
f85d137a
f4a31471
ebebf133
fc09ec52
0e0d0071
0968f776
0aaa0c99
01080575
f530072e
f8a3fd0b
f918f083
0d96ed9a
0ca6fd05
0f4706af
0dbf16a0
fafa1027
f535f437
fb1df543
f620f69b
0a45f77a
09fc028a
0b5f0b15
eebd1ff4
f85606e9
eb7dfbd9
fbcbf2a0
0676f34c
057e015a
05260202
08340c63
ef99095e
f523f8ac
f9aaf2c3
0bbef489
0bbdf508
0ad00d4b
01010f00
fd2a009b
0496000d
02fcf028
0bc9ef82
13380103
0b3c066b
04390a22
03ae1307
ee590742
eee50342
fa2feea2
07670c49
060a0d4f
f59100b4
03be02bb
0510fb77
0bd3080d
09f00f4e
050e1102
f1531de7
e6aa0bb0
e65dfa3a
f909f41d
fd38fc26
057704ee
f37ffe05
f17c0afe
f0b1f71f
f598f304
f81aecff
0250f02b
139ef5ee
0812030e
fc29ffd9
ff01ff93
f68ef86e
fcc0f314
0f49ef6a
10f7fcc4
1bae13cf
0f4e0a7b
ff0b121f
f3530cf4
f5370adc
0000083b
0d23051a
04601552
085a1480
ec660d31
ea190f1e
ebe50975
f876f11d
f9d1f932
f9d4042c
0221009e
f578066b
e5f2fd7b
f005f266
fc5aec49
0e9feb79
0fc2f92c
0921fb7c
05d30cde
febefb54
fe6cf265
0687e8f7
17d8fa2b
1882f65f
11d4085a
118c07b1
fd74131b
0333fe55
05cc05eb
0f03fd6c
11df0836
f6b7fc8e
f8320280
fead0247
0c600a18
fda814c6
fafcfe2b
f885082d
f74c03e3
f390f986
fd1dfe5c
00c1fb3a
06950132
f75ffed9
f71703c0
03a1f7db
fc97f13c
f9aced3e
0c00f479
0cb3fc54
02ddff3b
0426fd00
fc04fc2d
0214fb56
01b3fbae
0797021c
06050052
0bc309b2
02530bb6
f83106a1
f87ef695
066d07b7
01a90df5
01fe043c
0ca10926
fd910c1c
f83d0641
f5c3fb3a
fe1efc2a
f7b5fc05
056af1ff
066dfc16
f9af06c5
f1e20531
f23a00f7
feccf379
ffebeca7
058cf533
08220205
06cdfc9b
03c3090c
0609023f
05f9fb58
0cc2fe7f
08810382
032007d8
0f3103fc
02ee06d1
fc1e0878
fee6fe6c
fcddfab9
0a41fe88
fcb80777
06220d68
f8c40896
ea37f541
fa66f77b
fcecf3f7
1150fa64
1197fdde
03290017
f803079c
f694fdc4
f77bf3ce
0b74f3f9
0c61f5a7
0f41f9ee
131109d3
04ef0b40
f50c063a
f547f838
0041fb95
06d3fd4b
0a410ca6
09f11209
f87c17a2
e83e0c6a
f1c80141
ed36fe76
0446fb27
02a7fa73
0762143a
044b156a
f95605e2
ee13fef2
f687e6af
ffe8f6ef
08a1e9eb
0e2c0b84
0c6e0ad2
fbc50328
f4710304
fe34ff28
034bfc1b
0fb9f81a
1cee0380
0fb503cb
f937108d
f2d60e2b
f6690104
03c1eeb8
10e3ffb3
055f125d
fd051352
f8521325
e8d6004b
e68b0034
f697f8e6
ff48f72e
0934fe25
03bc07e0
f9ea0128
f99b0176
f92bf6ce
edb7f6b7
0824f3ae
0b9ffe29
07deff54
02ef0554
05daeafb
0c82f3bf
0bdf0967
10291082
f667042d
ede4f56b
efdcf153
0064ecc7
1336ed3e
17b30403
0b080981
febb12d3
e5d2ff3c
fec7ef8d
0575edd8
1d3ff290
1f2f095d
155d1dc0
ff7619ec
e7a00a25
ee1a0a0e
ff6ef1e4
06d3f0e7
10440a20
05900e27
fb9e1e35
eaa0142e
e34ffb9f
f08af518
0c74e95f
145ef794
11da0859
05840ec3
ea7e06d7
f69af1b5
f3a0e490
12d4e8cd
11f4efa2
0f45f87c
12ec11d5
f7d00d5a
eba106e4
f843f081
fce8f16e
17e2f144
167a06f8
0f281cbf
04071984
ec320e3c
e669f6fa
f94eefce
0b37f970
09bf062e
05010e6b
f133192d
db61104c
e3e3fa8b
f242e690
faeae7d1
0db6f213
16b90d60
024704b0
ecf90c29
dc9cff4b
0222f42a
044707e4
f7dc0c5f
041d1306
f4120654
f560fa80
038dfac1
027d0784
0c71f7e2
fdcc0f30
f5f50c68
e4610618
ed85009a
fbf3fb3d
fd61f022
0703f966
064e0d63
ffaa009d
f85e04a6
edebf8a6
0306fd17
070cf94b
122ffbb4
13d3fe8d
06ad11f8
03990323
fb4500fb
0511fe03
06d9fea8
136df486
1b7eff71
0a1111e5
fe5b08ab
f0ceff9d
ed53f3bc
00f7f5a6
087efcf7
08920575
ff190349
f0820de4
ec130668
ec0cf3d9
f852f308
fdf2f4e9
04c2f80b
00f6ffc3
f8810619
f17c02c3
f1c3f859
f961ece0
066eeee3
167dfd34
07420911
0254015f
ee9d06b3
f4e20095
0017018d
0295f483
13eaff8d
088005b6
03180eff
f7100ea2
f792fd94
0070fcf7
0172f337
04f4f6ef
0a3d0864
09ebfb4d
021002de
01bc0674
010f06da
0d7bf961
058df423
0efd067b
06bc0c4f
013801d9
fab40902
04f209dc
00c50655
f7c20ac9
095f0c74
00bf01a1
f52d0791
f8750ece
f93cfadb
fd7cf655
f78eff0e
0323fa04
08b10812
f71409f0
f659fea6
fed903bb
06d1ee61
0771f6ab
1073f380
0d4e0240
0b68fabf
0837fd30
0e3206ed
0d10fc1a
04d1f7bd
0a65f620
0e770648
f3c60a73
f62209a9
06fa01dd
fca50125
f86d0b5b
099b0065
02660648
fb240258
f4ae0834
fa68fdaa
f366016f
f91af631
08ebfa98
fd2effec
053300d3
f53a0825
fd81f93b
016df471
fe46f52f
04d4feee
036b01a6
0847fca8
fb980037
0298f9f3
0aa6fe0f
01e8ef24
fa9df690
00d7fb32
003ff69e
00d9eed7
0338fbac
079def7b
15c0f27d
13cf0299
1696061e
0e5605d8
0ac70595
f6b6ffbd
fe20026d
046608e7
12fb1a01
0ddd0e1f
ffba1672
e9690acd
eea40858
f49d0640
f894ffb9
fb30088c
f292058b
f5e0fcb0
e743fffc
ea1400a9
ec10ecab
01b4e7e8
01daee9d
0341f35d
057afa68
06b1ff3e
0726fbb5
0001ecc3
09bdf41e
100af0b5
1328f5dd
165909a4
091f0ac9
06280cfe
067101dc
fd560ed6
0974038d
04a513a1
00641a58
f3850e27
f8d713b9
f2ed061a
ee52fe76
f0b0f719
fcaefb14
ffc408ee
f00002d9
eda903fb
ed240196
f250eb85
f893ef17
0388e48a
0cb2f10d
1129f2ae
fdacfc3d
042af276
0c6af099
ed0afc30
fb58f86a
1012ee55
0c95fd79
0c7f0c1f
00220d51
f4e61044
f7bef50b
f2e8f404
fbabed49
0824f2e1
0f5a037a
0f37013d
f8ae0b09
f274ff14
f6b0f98b
04e0e6ae
06e6fc7e
1bc40711
09430d6c
fe6d1275
f09d06d3
f101f39b
0408faef
0b9100f9
145cfbcb
0a4e0cef
014411ca
f4a00f1e
e805faee
f0b0fc6e
032df6c9
0ceb01c6
00a11297
010e0eff
ea130645
ee62f942
fb0cf060
f857eb28
083bf7f1
fe3f00d6
099c1057
f3bd094b
f3510b00
f456f4a1
ff76eb39
0fa4f43c
14850206
017e06b5
091b1765
fb34082c
ece60355
fa5ef6a2
04e3f4ff
10c40493
11ae0c70
fbc40d78
f92801ab
e8d7f954
f71efbd3
05fff8bc
039bfd53
11c00b62
0847055b
0278f91f
07e30300
03ee0219
fd490880
fe9c08e5
f12dfe27
f0f9f4b7
f941f4ab
0887f950
0dd6fb45
03c3f7bc
f3fffcac
f9dffa64
fbb0f5fb
061ef6cd
053ef05d
0e58f81d
0143ffe4
03da08f4
01ac0575
f4020187
f8f1f9a6
0689ff62
feb10076
12db0987
0635082c
03430d2e
f98408fe
0322fb57
fe99fb0d
0221ffc3
0d1c0bb8
f6eb08bf
029c11a0
f7870813
fc40f881
eee1f76a
fe20eef6
fa3007ef
02c3036a
fa9d0628
046600bd
000bf83c
054df4b3
061bfa7f
20440015
01caffca
066603e8
f8e3029f
ff98fbf7
fdc9f8e2
04450121
0b0affdd
062309bd
fca01860
fc0d0e0d
f9e902db
fb86fb26
067f02cf
f3c00231
083bfc87
039cfccc
01a3058e
fb8402e6
0232fc9d
0441f694
03bef083
078dec0c
0e12fd2c
0f16fd98
0ecb099b
125d05f4
00170a1f
09e20b10
0000fc31
02faff3e
fe6e11a2
ff920e30
fc6a0a68
efc2102a
f59df8e6
fda40329
00c1f366
fe910763
065f02e2
fc11f80d
f16cf779
ed3bf5bb
f193ec31
01dbf5d0
f6fcf3ce
fba9fb95
ffc4f303
fd47f5dc
06cbed19
0aeef774
0ea4ebfd
0f30f2c4
1bdd0a16
0bf40e2b
09f20c22
00680c2d
fb1dfea0
080afffa
0a1eff77
f98b131a
00620e8c
f9dd0f17
eea61114
eadf02dc
fb82fcc1
f4e9fd40
0042045b
e405050a
f5acfeb5
ea6801fb
f9c9f2ec
fa4bf386
fc29f139
02d3f87e
094ff4e3
fbe8f954
0c7aff2d
fa3f00db
ffa4eec7
0b5af8cb
0e2efd35
0e6e0d16
f7b40dc3
f8d9035b
ef32ff93
ef9dfe8b
f7ecf88d
fb3efcfc
0a23f59f
fb800b3f
f9e2ff4d
fa60f9f1
fd2efd9d
f6faef50
0301f935
fbe30269
067a03ae
fd91f38d
0611ff4d
fd2ffc58
0a05f8ce
0d4ff618
10d7068e
059a0193
03470c45
fad20e75
fc8a03c0
0aa10c83
00650942
fcb100af
f8640e23
f6631128
fb0113ad
f3ca03ae
02bff9c5
fa12f980
f4eef6bc
f961f2c1
f32af789
00ba006a
fe06fa52
ed0cf7ed
feb5f297
1145f4e4
067df773
1078fbc0
042efeb8
00f9fc5e
fed4fadb
f65c03d6
02a8ff31
080a055f
0b7707fa
ef710657
ff0209ed
ffd305e1
fde908ba
02f306fa
0121ffbf
fcdb094e
f8700616
f7130263
f09203c8
efb8f900
fa42f8e1
fbbafbd3
0a68eefb
09edf609
0f1ef87f
0fc60792
0aa10457
09230330
0347ffcc
02bdf102
126af7a5
073dfaf5
092b0a17
fe23055f
fc2b1488
f6060b99
f13af216
f3f4fc87
05c201aa
0896fca1
f9030666
f3110905
ebdffd94
f34cf82f
f53bf343
fec4f591
ff29f1b2
06e5f262
f592041e
ed9ffd07
f8cdfbd8
fd7eefcb
004af669
0f48f384
13ff0d4c
0dc11711
fa25fffa
0613017d
04aafd1f
fc4dfaaa
1c9af947
0968080b
002f105a
fb1202f5
f92d0aa7
f788fad6
fee5fc04
fd6df932
04b906c5
f8a1100c
f5b90ffa
f7fe0e7b
ee03f832
f84ef03f
fd6cf298
06da03b3
05ca0712
014e0777
fe200d11
f34efaa9
0843f60f
000eef6c
1170fec9
0e9c0805
10a508cd
01910487
06b0025b
f90f0306
fea1f998
09f9f998
0d8dfd3a
168e0e2d
02240dda
f24e028c
f4a10808
f43dff79
f03afd8b
0024faf8
05a10642
01fb0d31
eecf0001
f3fb0715
eca3f1cc
fa89fc71
f5f0fc81
04f2f73b
0bb700ca
f756ff45
f3eb003d
f3d9f91a
fce7f867
00e5f976
0da00963
126bfffb
04bd0568
095807e4
fa7d05d7
02ad033a
025b057f
03c800cf
099d05c7
04730810
f48b1356
f7de0f3e
fa5805c4
f35d025d
00d0fb29
f93cff30
02adff52
f6dd0376
f390fb03
f5eff512
fd43f493
f4eefb92
061df201
04e003db
06c900e1
ff4a011c
ff240013
0a01fa06
088df80f
0282f5dd
09c2066b
0a9705c2
07620364
f9be0444
fe84faac
054efbea
08d60d77
005915e8
f554f543
fd9bf6a8
10cdfd6c
0ba2ff33
0c0afe47
03b51257
0f460374
0345060a
05adf95c
07d60419
0b6602cd
0e89186b
018510be
f95b0d9b
f047087c
f787000c
fcce0237
fe4b0692
f52af86b
f2160d6f
f72ef9e0
eed2f771
f0fef9df
fa8afe8c
048eead1
ffa1f109
06c2fee6
f4f1fdb5
f917fe45
fbd8f5e8
0b49e8ff
0af1f017
1176f911
0c67fec8
0b7cfb5a
0db5071f
00550b59
fe42fc6e
058dfd61
0b4d05a9
febc0cfd
0167088f
f4cb113e
f4c7f8ef
f01802f0
001500a6
0622067b
fcc706d9
fa2b11da
f05409fc
ebc003ca
f45f038d
f18cefd5
fe1cf4bc
009ef7c1
0143fa4e
fd47fc15
fb8cfa6a
0029f215
00c0ec0b
0509f400
0c28fd93
0b00fa2b
0adf0540
eeda017a
f5b5f2bd
f646f0a6
02740cb5
139002f3
026901c7
f7930065
f13ef4f7
ffb2f7e3
0170f4a3
0c0cf784
13f0f90e
05f000f9
fe43006d
fb0f074d
0070fae4
0d13f673
08c60871
09390d35
0ac10fa0
f7530dd4
f937090e
f39dfd4c
fcf0fbcd
025306b0
0d9b0912
ff540eff
f4520b57
f5840da0
f83bf8d3
efc1fa30
fba6fcd4
fa0dfaac
0dbaf951
f3e70444
eed401ea
f582f5bd
fbeef1e2
05c1eef4
0535fc2b
0d6700e0
08a7ff04
fe58fe0f
f6f403f5
f712f23d
09bd02db
08e1f7cd
0dabfeeb
0b2d0d56
f3ae0313
ee7f097e
f5ed096d
f19605e6
034d03ec
0d0e04e2
fd1a06da
f6d90450
f52bfc65
f1c40054
f1ceec77
f3bcf015
0d6c0590
0c7303c0
0353ff25
11f50599
0da40302
08c8f813
07e8fa66
0558feee
0be10983
07040e19
06540ab4
fb7b00ae
ff54074d
0316009e
fa680998
f75601c1
f7fe08eb
f6390a1d
f16704bf
f17f06bf
ef07f7a6
fc65ef1a
fb5ef841
fc450264
f8c8f806
f946fb46
fa1cfeeb
fe72fc61
064fefb2
1b25f092
10c40368
06fafba0
0ad50221
09450064
11b40323
048bff0d
06d50892
03040b48
06d41009
00b01570
fe3e0d6a
fd00fef0
040b07a6
fbae06dd
04fe071e
fbaf03f6
f76708de
f46f07de
f754fd68
fc0bfcaa
f5a1f5ff
0229fccf
fceefce9
fd24faea
ff2dfbfb
fd7dee61
fc30f4c6
ff1ff34a
0ad9f352
10e0f1e7
0f39fb30
033ffeb6
07c10670
09c701b1
106a00de
0bc005b9
10dc023e
ee78033b
f3befbbe
ef78f2c0
007bf0ae
0a49eeb6
0f28f64f
04980682
06a001d8
f92afb45
f9f6f875
05fcfdde
19d4fd75
103502b6
09f60981
0cf31677
f6fb1357
f82ffe7a
0022fac4
017bf5c7
01750797
1593ff93
fd081000
fb3c1147
e64a005e
f380f16e
ec09f9b0
01b7f8d4
041206a2
fc540492
f9a10c64
f4fa0489
ebb4fb39
fa5fef25
0b6ff382
0b0708ea
0d0efc6b
06290494
f704039b
fc9a04d7
028aed01
06fff151
17affd50
0e810b76
06540de0
02670a18
f61703c7
f4c4f882
fbed009a
06ef01ab
088008c3
f89607a2
f0f90d2f
eba90a4c
ea78026b
f92bf312
ff07f594
1147f9b2
f3f00a5f
f6c6fedb
e966059e
f1d4f1fc
fa40f9d7
0127f527
049df240
fe4c000e
0926092d
071afae3
03720443
0391001f
f7a7081e
fde51052
f46fff43
fb2706f3
f86dfd42
fb6100b9
02f901f9
f9b9ff93
00d9ff90
fd5d03bd
0672f7a7
f9b5f995
0687fe52
03f408b0
0bfbf76e
fe0101fc
fb5ef954
0a82f572
04b0f783
0cd608c8
066d016a
03b900a9
069005fa
f684f9ab
06820a04
06aa0936
ffadfd17
054802b8
016c0960
fc3f0577
0368039a
fe9a059d
fbcf0490
fc93038f
fd3809dc
fdf0fe8b
feed03ac
f57403cf
fd9cfa20
00a6ffd5
ffadf2da
036ffed4
05def8ac
036b0273
0036f95c
032bfa77
02eafb74
07caf9d8
06e2fac1
09a10785
0ab8f9cb
008df691
0408fc38
f81efb9a
03a2f8bb
08940563
0758f409
04b20491
09fbf796
f67e05de
f419fe21
fca4ff92
06020a30
fe880506
f75af33c
f88af722
fb2eeb37
02f5f6b7
134ffebf
fec3f643
0c1f00e0
f6af05c3
0252f7fc
02b5f445
09b5f9da
0e6ff6bf
09ef02c0
0bcd01ba
ff180591
0989053d
0a40ff9c
0a2307f1
fd3bf985
04ae0347
07680793
f1350a4a
ef3008b2
f33d02a2
00feff92
fdd3ffb8
00e4ff6f
fa06003f
f4100192
013fff16
fb90fafb
e9fffabb
f981f764
089ffabd
01c1fbf7
071c0191
fc930536
0047fff4
000df447
0c0df83a
0dcdfeb4
0339fb5d
03e6109e
062006b4
ffa009a4
fe20fd75
f33cf7cb
067df405
04960729
f5730d86
013a0536
f7471192
f00e084d
f3f9fb79
ef44f237
f642f9e5
fe040684
fdc509a7
f46a05db
f889f871
f535f7e7
efdbf4fb
ebe8f2cf
0136f185
0051ee51
0e72f118
0932f8b6
093ffb8b
ff6c0a06
02acf055
13abf946
0d0ff740
124aff9f
136907a9
07720d40
fc7e1c54
fb78159d
fcb20887
fa3706bd
fa730ac5
09760daf
036219a2
f45215d5
ea8c0c70
e85ffe44
f0a5fa29
fffdf73b
fd9bfbf7
f9590309
fee50113
f312e92f
f6ccf145
f6e2e6d9
0619e004
0d93f316
168501d3
08b8f1d2
00c1f4d0
ff1b02b7
0774ff37
1972f371
0c1001ec
0c560160
09bb1dd9
0ab217d6
f87a08cb
01150aec
04aa1142
02e30c3a
09090ef9
f53414fe
efbc0f71
dcf906cd
e603f623
ea9bf1c1
01cdedde
f7f6f31d
fc30018a
f25cf736
f4dcf8af
f2aaf043
ff4be8a3
08a7ed63
053c02fb
003f106a
0077171e
f7571814
ee8f0d34
ff700294
f85a00ff
feaef6ca
fa97fc50
f74e0318
eecb07f9
f1d0fc11
efeff6b3
fb29f198
f881f330
08c5ed7d
1022fd5c
045304bc
03cbfc34
05f6f2b6
fb35ff93
0236f54f
0cde005d
0dee0651
164b113f
0aab105d
fad10c60
fe4905aa
036504eb
033603c0
03ff04b2
fe120a37
042a1ab3
f5510c12
f2790ac8
f1c8fc51
fe7afc21
fdd8020c
f2d80d46
f8180a40
f20af92b
f693f369
f356ef9e
f85fe8a5
0c3ef04a
0d8dfc38
0f3bff3f
0f830666
fbdbf4ce
06f4fb9e
086af53d
14d4f25b
072e0801
117109fd
09ff0556
06a90425
0286032e
ffdb0894
06ad0313
fef105fa
03850b97
ef341598
ec98064a
f1b50158
ff03fd40
0568f0da
fcbcfa84
fe6c0421
010af56a
083ff07f
ffc5fb53
16c901a5
13fe0154
04a508cb
07820a0a
f97ffc98
07edf6b9
02ec02ce
f88aff63
0626016b
066b0626
f393fa32
f924fe93
f476fde6
eb73fd86
ff20fc1a
0072fb44
ffe00a44
fc0e096d
f92df566
f787f497
0002f4ec
fc62ff0e
10810133
0af8fa2a
007bfbe9
01bf0755
0605fe75
03a0010f
0310fd6e
06f0fba8
040f0440
042a092a
07020d0c
08aa0494
f2a5fe1c
ffa205e7
0dab02f3
fc060db1
02190682
fc2c045b
ef5107fb
f8cafb93
f3f3f821
f86cfc7e
0716fa48
fd08fe86
fdc2fa8e
fdfdfd73
fb2af440
0316f549
0036ee7f
03f5f995
0af8fcc5
0469fe99
00c6fe5b
09980160
ff4a0024
0328f2fa
0640f857
060af79a
0aaeffcc
05bff96f
08d7fdb6
0dfbfc72
05790031
09b20ea6
0b04065c
0d35034a
04d909b8
0783135b
0efa0b2b
01e0157f
f5dd0b7f
f89406da
f3360b88
f2b0062e
ec26fd3f
f52c00cf
f31a0419
fb6e0a81
f85fefd6
f33d0119
f045fc3c
f185ef2d
fc25f361
0537f138
f5eef84b
fb62f363
ff1ffa54
0210f953
0a73fd40
0587f3a0
139703f9
134a0511
0cfa079d
123706fc
089bfb5c
03530af1
00bd0bee
11531062
f93e1069
fd330f0b
f80c14fb
f33505fa
f9dc0781
fa69055a
f0550539
f117fe97
f7c50d15
f2f0feb7
f071fb85
fa7afd9e
f357ec78
fab9f1aa
0301f02f
06a4f1c0
07bcfb84
00fbfb9f
0106f9a6
0f3afcd3
0a21faa4
fa710d57
f406f890
fffcfb5b
0cdee785
109ffa4e
0d2c0146
05070218
f2f30cd3
fb15006f
00040033
fff3fedb
0de4fd53
0740045c
099efd31
fa3106e9
f23b066b
f167f646
0232fdab
00e9eef7
063c0927
04930af7
fbed066c
fde60575
f0acfbce
f272fa45
0142f6c8
0a80fff0
048a07f0
fd4703bd
fa2e0808
f3a90671
048af52e
06bcfb9e
1c06f7b5
04d8067e
01e20460
05320f8e
faf5026d
0026f6fc
060bfba3
04d502b4
09050056
02ee0246
f656070a
00b60698
f67b043a
fd7ffb8e
0327fc9f
008500a2
07f102cd
fff602ef
f2fdf843
e99203c8
fc40f87f
0aa1f15e
0bbaff7e
148ffd12
04d4fba6
f1590634
faabf501
fa45efac
0a57f878
07c4fd45
0ced0916
effd1011
fc9e0511
f829fb79
fa330569
faafff27
f6a10ca2
e883f31c
f49df77e
f630f600
fda7f407
ff78ec90
fa26fa6b
f987f068
f5e8f4aa
ffdeece3
0555efe3
0eb2e99a
1760ff2a
15d8f1b4
0e58fa77
03be025d
07f7fe47
0b600299
09b10051
07850b8b
0bd1106e
f4ed1069
f9bf1b54
f6c90bbe
f750039a
ee17fdf6
f827f99a
f999fb46
00401613
fdc60384
e3e70407
f249f9f0
fbc9fc25
fa8efc31
fc09f10a
0550f26a
0b39fa34
fb95f794
ff3cf21d
05b7ec24
0598f08c
11e5f209
1122ff7c
1077fe3a
02f10569
0b7f0198
06ea034f
fee9fe9c
07c307f7
0f2e0fa9
05961914
ffa709a2
f60a05a2
f88d0818
edab039e
ffe3fe05
ed2ff559
f8b401a7
eb2c0253
ffdeefa0
0093f8c9
f6ae0446
fec6fd03
ff67f489
febef804
00c6ed43
013ef1ea
0497fb80
1040041c
0c72f7ea
0550f99b
03750650
0cfbfa43
0598fe7f
09df04a0
038e0d17
fe900a5a
f9640a0d
011f0abe
fe9907fb
f889fcc7
fd8804d0
f9e90460
01ab0fc2
fbfc0f80
f711fc9f
f229fdfc
fe4ffba5
04dafdb7
0355f147
0401f798
01900acf
eebffbfd
fd69ee34
064ef9a7
0471f536
15910182
09a30989
02e607f4
ff9c01cc
fe69ff95
058a01c5
01ad0315
0096fb26
07ed0617
f92709d7
fca80293
f68e052c
f103faf2
f8fc024b
03e30dce
f9c10624
f5780620
f28b0480
f7affe50
f358fb1b
fa60fd47
05fee810
f8a2f5e7
090dffd1
fd13f9de
fd02f9ff
ff39fb9e
0528f306
fc81fb00
fbd4fe23
fb6df176
04bcf501
1007e83e
0df2f4b6
041e067d
01dc0abb
0035015b
000103d2
0e2504cd
0b1ffd36
03d410ae
0e4f0ea7
fced1394
f7780e97
fc680931
fce6f363
fb26f9b4
f864f789
feb000ef
fb39014c
f3aa0860
f1fe013b
ee7ff511
04caf6ed
0127f00e
ff5af2dd
02b6050b
0c9bfe13
f818f7cb
f977f1c2
0fe3f947
0d8ded87
12b2ffde
102d06cf
04141519
0a980a9c
00610349
ff7efabb
07ba090e
08ac0eb8
00ea11a7
04e21407
ef830a25
f8b70164
ef41078c
f2cf0443
f29201be
f4f507c3
f3200343
f6c909d7
f652fac2
ef28f2b5
fc16efb9
fa72ec32
01d4fc9d
fdabf392
ffaefb6c
ff0ef6e3
f643f8f7
0c94fa6e
066cfc39
01b403a2
ff781912
f9b90020
020eec10
0305f058
10cbf88c
19190a81
166023d4
faad2845
f8cb19d3
f50f0262
f5e5fd01
04b2f072
0fbb0461
f47c1204
f4271973
e496119e
e8fbe7fd
eb4def00
fc90e149
0622ecc6
0b3ffc71
fcdd0343
f17804dd
eb67f935
f6d6e4da
0bd3e108
18ddf103
29c4ff45
15e20326
002c11a7
ffe805ac
fe20ffd8
0777f009
136bfc14
181b0f17
0e3a2288
fee01e38
ec2e1367
ef99ffa4
f1aef436
002003f5
08100ad4
fa4e17c7
e3651d3e
d7ef0680
de2ff712
e9f5e607
fe9bebd2
034aecb4
138cfd1c
f9cf030b
f3e805c0
e4a9f97c
fb84e110
05e1dc3d
1a12eba2
1bf2fc51
100607e1
00020c55
f94011a4
fa3af433
0195f65c
0d30f9be
0761fea6
15d10822
0a4d07fb
002004e8
01f50545
00ab0528
f8540461
0271f98b
0483ff4c
04fa058f
01a70279
f4bc0406
f433fcd1
e9fcff96
fc9bfcd7
02e1f45a
02d1f123
00ae06ae
fbcff720
00770008
fd1cf3bf
061ef487
0843f06f
06b8fa23
0861fadd
001bfff6
fe58002e
0089fe00
00dffb5e
080dfa7f
0618fc42
0e3d09df
070f0ae9
faa10ae7
feda095f
f37f024b
0263fa5f
0424ff1c
0b7f1088
f5100b40
f3aa0151
ee810159
f4cef677
ffc6f70d
fe93f90a
fa23fe30
f731037c
fe74fe56
fa53efaa
f3b6f52f
ff5ff3ca
0962f728
0accf99a
0713f9bf
044206a9
004902cb
fd0df3fa
0b22f7b9
094ffb37
026600e2
0d6f0df7
fff50b42
f6e50a23
fa0200ac
08190b48
ec3006e5
025309f8
ee25056e
f37e0008
f165f702
fe64fa24
fce3fd63
0e08ff4f
ff7901ba
fbeafac2
f99af9de
0397f613
029ffa7a
0340f887
fe4e0783
00b6021e
09ff068a
fd2806d7
f197021f
0a88fb1e
06bbfd85
06d100dd
052c0171
0a6e0f3b
ec6f0b88
eed404ad
fb59056d
f306ffc3
08790484
f59effec
f7820224
f25f04e5
f128028b
eed301ea
fc85f974
fc49f919
06a60119
07aafe63
fac3ff23
fbf8fb81
017bf9fb
fbc6f731
0b5fff47
086efd52
0b120388
01c20d5f
04df027d
f959fdc6
080002a7
07bf0960
0ae306f2
0e9609b1
f8dd04a7
fb7b09d9
f939fd12
f839ff1f
05c8f707
fd59fb7d
ff9d0bf0
ffb60882
fbf0015c
f610fc9c
ff92f987
0a8bfec2
ff8212fa
03430b07
f4ce08a2
f9f90790
fea3ffa0
0169fe01
0123fdfd
08c60835
f7920802
f788177a
ee7908e2
f4d80190
fd27f8ad
fdd9f95f
003004b3
f680050c
037d0431
fdbff3e5
028701f0
fd9ef139
0a9bf659
0797ff9f
090afb60
fc4b0955
f77900de
fff60797
fb8bff9d
0c32028a
064a055d
02e40925
f7420aa8
ff920540
f853057b
ff63f6c0
037c0896
0069fc20
f823010b
f08f0ab5
f4bffd99
f4aff85e
000cf765
f1aef576
0a2afe83
0786030e
fcbdf698
f3f80429
f97bf45f
f8fcee23
0850e972
0053f874
0cb4f33b
106cff52
043bf9b1
f8ecffea
fe90f7e3
fd78f59e
0650068d
05fe0883
04ffffb3
f1c2025a
fed30c2d
f1cd018e
022dfe01
0039fcfb
01cb06ee
0a090d9f
f6b105ce
ee70122f
fb5e075e
f32af18b
fb9cef83
0327ffa2
f8c0014a
fe3cfb28
f96b0451
f53f0340
fb7df1c8
074df4b5
0f46f481
0e91f545
0a8a1162
0290050a
0d60ff76
f910f40a
0176f871
094bf384
0c3203b8
0bbc01db
02b216e7
0192109d
f7fe09df
f5170645
0aa00192
017a018d
fc6010f0
00880310
f8c70a3b
e85100db
f49cef44
fd0bf4cc
fd97fa08
03a7ee7a
f8cffb5f
f7770e4c
f5d0f53e
f6caf541
109df25a
07b3ef97
0ef1f788
0c0b05cf
0a9a0141
07990d50
fd0df8ff
1161f649
0a730760
04580d55
052f05e3
ff1b12f8
f9c90963
f99909bf
fb29054b
0959f907
ff6f025d
f93d0d2e
00df0322
ee5c0193
f2e2f9ac
f91101bf
0b030790
f7640ab0
fa970940
fafb0c61
f4e60a21
f16afb05
f0bbfbd2
fee9f599
f965f65a
0220f8f7
fa40fc6f
fdbffabf
fa23efb7
f896f21c
09e2f01d
0bc7f44c
0d33ea54
02e3002e
0575fe4e
0463037c
0421f64c
1e9d070c
05c5f8d6
0b7d0b7e
05761687
054814b5
0293099e
f9c50da3
fcaf07d4
fa710b30
f5070716
fa850390
ed1e07c6
e9b700e2
ea1c0271
ee68f7b3
f496018d
0314f7eb
fc59f652
015efc84
f6f5f528
fd07ebba
ff06e879
fe0deecd
0d0bf0df
0b44f86f
0c260420
11b204ee
0fc4f8dd
088af62a
11b8fcab
0ada00fc
046707e6
01b41286
fd751534
f2a50a37
fbd40bcd
fd370267
fccb072a
f1ee0b86
f6b00d04
f87c0be2
e34f07bd
079f0621
051a016b
08980323
ff3908f8
0400024f
00dafff6
ffc9085e
0c330a98
f7fdffa0
0687fbc1
f607ffc9
f5f3fcba
f91cfb61
f13806a3
04ef018b
f9a1fb0a
027dfd63
f823fedf
f6be0516
013bfc29
02d9fa91
f9bdf096
05b6f0d6
06e5fd52
01ddf6c9
0e45f51a
02790110
0246fca4
04a0f487
02050009
07bdfb47
014f03c5
fcc708ce
ff4d0a03
ff930326
034a02f3
04480340
fe81000c
033f0284
fda6066a
f3f5fb19
f4b7ff7e
f9c8f9fe
f14dfb64
05eeff0e
fc7a02f6
f83bfc08
fb23efcf
fa92f2db
057dfb7a
f3a3fe04
0115f877
feb20c3f
025b04ec
06ecfd97
0ec8fe86
febaf8d0
031c0268
0d7bfdd4
05abfef3
0ab602b7
fddc0258
02840bde
005a07c4
eb980cf7
f7210399
f85f032e
03b60410
07fe02d5
013c0900
fa5302d9
ef5df932
fd79f35b
020df385
007cff62
0458fd06
02980b3e
f337f74f
fc920890
021ef357
00b6f7ea
0d10fda6
01dd04e2
078f0792
046d0c3c
fba30784
f07dfe93
0164f408
f6b60110
029f0542
f8a20ac0
fdbc0a20
f71e003e
f1f20a3e
0405fd0e
0056fef3
080f0147
fba4068c
fa08090a
f9c40714
f4e2078e
f5d6f6cb
00a6fa6e
086bfbdc
087c02d3
ff5101a4
09d504e2
023cfe77
ffb1fef3
0527ff80
0f2afe2d
102df9d1
04e107c4
02600b51
038a0ca9
fd4d0529
fec4f99d
0acd0bb3
0952fb9b
02050500
fc0f1948
f9690407
fda206bb
f4c8fe1a
00b3fd95
ffd6fa20
010cff54
fec704ec
f133ff9d
ee94016a
fcb2ed68
0815f295
04fff622
f8a70178
faabf90c
f2d0eb67
ed77e512
fef0e28c
0b1ae790
14ecf8d7
180f0552
14c8f8eb
02580254
10d4f85d
1050f7f2
19cb0369
19d40043
ff28112c
00281619
fc4d0f90
e4ea0bf8
fab2ff21
fa310142
0057ff32
fb0812cc
f815135b
f39f05d8
e883fd5f
ea29f732
f242f985
0a82f496
0341ebd7
f808fbad
050700f5
f1cbeef6
fc3bf397
ff5de7b5
118bea62
2002f47c
0d040982
0a59074c
02b5075f
1304037d
0a37fce9
0bcdf37e
064308d5
0bd21251
0898109d
edb11598
f6f10cdb
000e02a9
f6e10c04
0208009e
f6ba156f
fa860e42
f449147d
e50ffb19
f7f9f936
fdf8eaa8
fa66eecd
fd99fe40
0717fcd8
033af8c4
05370507
fdcb08e4
ecf908cc
ee05fcd2
eed3f421
f452e953
fc9ffa7a
0bc3fce3
0d7f01c1
fd44fe96
f2e3f142
fd5ef4c2
0310f4dc
0c8cf9f3
14f1fc4e
11900d5f
fe410e56
f87c0108
fadcfa38
082bf7d4
0e68fc3c
17c20dfc
09040bf3
00c71568
f2c30b38
f95bfb8e
f6fcf4f4
fdc0f211
003afa34
0cc80af2
fe5c0103
fb440ff2
ee1bfedf
fb49fd3b
0235f595
08b6eb63
05f901e7
fbad0602
f83ff8dd
fbd9faa4
0606f4e1
0d45f1bd
1511f69a
15fa022a
16990c33
071a15bc
fc7b14ad
fc6e0606
035904ea
12600474
fa32fcdc
098709e9
ff751205
f1320f38
ee4a063a
f0b1f6c8
062b01cd
fbcbfb0d
fdeb0a71
fdb009bf
ea9c0251
e85bffb6
f5e6edb3
fbda0e13
eda10ad5
ef2b02d3
fc7702dd
0cc1fd1c
0ab8091f
fa3d180b
f8091318
e1a8fb42
f0b7f4c3
fbc2ef54
0971f31c
088b03a4
027e0856
f39608e0
ecbff9f7
f549f262
fe78e72a
0c5df04e
1c9df6e1
13e304da
12fc1bb5
014a0a05
f2a70062
ff80f04d
0da3f670
12e6faf9
0f040bcc
0337125d
efa41258
eb800709
e938fd3d
ed82ee7a
041e00a0
092a11ee
04d20991
fbb40fd6
e597f63d
f4c4f3be
f4e4f350
0503f3db
10faf6d1
00c603f4
fddafe58
f63c0753
f0dae8b9
0086e5da
0f0cf0e4
17c3fda6
1eba05c2
04d40c5c
ef631156
f31c0499
03f8f744
067dfab7
1ad4fe79
1774153a
fe141a75
f8a01e8b
ec5a0402
f4b7fbc2
fe03fb15
03b4ee40
062308ac
ff0d02e7
fc37fd8e
fbecf651
00a5fea6
02fbfeb3
fc82fac6
f2aa0912
f3a30473
f96708f6
fd1efe61
0060faa7
fc7009f6
fcac023e
0177fc9b
040afb69
ffb304e5
f5cff937
0b30f805
062d02b1
f89f0771
0b200224
ff56f8e7
fda0f8c1
0076ffa8
0396f923
fccf0350
0b220908
02f9086e
028403fd
004304a0
f9c8049c
0130ff6d
f4bbff9b
046e0329
06b1035f
fafc0441
f61a0d37
f2eb0653
ff5df480
fbdb066a
03ba001b
fe1dfcb7
038df8da
f898fdbc
fc4dff8b
0b1c00dc
02e90417
024c0558
0fd40144
04f30229
f7a706c7
0267036d
f690fa90
0a89f9a7
fa7ffad3
0960fe02
065c0784
f7ba0467
fba9fdeb
f05bfffc
f495f752
09fbfdbe
fb6dfe5a
fedc02b0
17cff92e
0351ff71
0d23fac4
0e18eab4
1b47f42f
19a30e97
15191812
ff190a5a
0cdb0fc6
faa3079e
02ee05d1
02d50647
007a1753
fc7d127b
f2381226
eb9c097b
ef32059c
02c1eec3
fadbf688
ea01f892
000cf721
f5750683
fccbf935
f611f850
f129ebce
01b3ec4f
0988f359
1073fcc0
05e8ff4c
0ef4ffb6
fa1c000d
09a7fa88
0be4ffdc
175e0970
0e900505
14ef0ff3
08831555
092017a6
00cb0db2
007302e4
fc6b015f
03ca0bfd
f5e40f31
fd7f0d58
f0c618ef
f02a05b4
f57803a6
f77df68b
fe0c068b
0042f48a
f6600190
f0820005
f13cf5ab
fdc3ef2e
0c42e523
0e9aeac0
0c23f840
0b0d0267
0201fdc8
07a2fe47
094000d9
05e7fb3b
07cc08ea
0d2e0a0c
f1c60e65
ed0d063c
fad6fb77
fb97f67c
045e0442
f9d704da
f7f4fa5b
f87404c0
fd030441
fcedf828
f7d3f71c
fc26f9f5
0a2bee6a
feaafc92
02560034
04c301fb
034cfa48
ff27fcd3
0c80faa4
096ffad4
06cd03ab
0dab0c1c
05c4fb36
0476010a
01980c5f
fce50ae4
004007bd
fb0c0567
025c09f6
f28b0e40
fef8fae7
f725ffc1
f4990986
f796ff36
03cf0028
f94b09d2
02ed004b
ef9dfda5
f550f136
01f2f2e6
0979f98b
06ef0281
0dcf028f
03abfe8f
1453f9e5
fbe3f8f4
0b20f849
0da1f66e
05f900d7
0b160a63
feba01b2
1015052f
f5b70ef3
fbef0568
f787ffe6
031704fd
01f00bf8
fe850fa7
f6f20b59
eef305f9
fc21059c
f8e9f3a9
fabafce2
f726efbc
08a10c67
f8b11047
fa140877
fc7c0764
00170a59
fd331646
f11c05b5
f7350aca
f2ab01e4
f150f3b6
ed0a002b
fafff499
f521f51c
fdd2f87c
f588f03a
0066fe7b
f356f6c7
03e0f75e
0ae1f94e
0b6df28b
04b4f593
05a10536
0b71fbd2
0580017d
0531fa1b
0f8bf7b9
082dfbde
091307fd
0569fe54
0c060758
fb781128
fb650a2f
fe9e04cd
fa1a0316
ff2606c3
f97e0b9b
ee9c0b3a
ec84077b
eb42f970
f6c8fc71
f847ff22
ed63f0f6
fcdef90f
fcaef71a
fc9bf66a
fe19f8b2
fcdaf32b
0290ec08
05f1f339
1260f453
0d4c023d
08dcff0b
096608f4
03990751
10b8fa06
1373fbc1
0cf803b1
054a0858
058206f4
f99112ad
f272ffbd
eed7042c
fe060ef1
ff7dfdc9
ef82072c
f7cf01ab
f8f8f14e
0451f4d3
1686ffcb
0b3d1afb
fa73126b
f5bf0ae1
f95305c5
ed95f4ca
f7baf85c
08d9032f
06fd0348
041d1742
efb80db4
ea2aff26
fc0df415
0831ef76
0effef75
0de10975
09a30bee
fccc1300
f7b40cbc
ef8ef967
fcd5fd8c
0cb6ee3b
08850067
07bb0252
053f115f
f6bf0eaa
f0c2fcb4
f9a6fc04
0091fb67
0bd701a8
0886108b
00f310ee
e8c60f4b
f4fcfc30
f327f88a
fd83ea9a
10ecfd7c
06b80f31
032e135b
f9bc0b89
f3ff0758
f03eec33
fb88e87d
09e2f31d
0f9e0190
0e240234
f7890896
ea81f8fd
f41cf435
f275e82e
0927eac3
178efb78
12dd0991
fc8f14bc
f4970c01
f468029a
fa00eb9e
fea6feaf
18d4fa71
0a110157
fdf7171d
feb921b7
f1b41cdf
f0370b13
ece0016a
f3d0fa17
fe99f8e5
f9c40499
f5810cb9
eee6036d
ebfe021d
eec5eb8f
f3dfed23
0261e909
1416f93c
078efd3a
0555f840
0019f50f
fcfcf76a
fedce5a8
15eaf242
1356fdfc
21b40bac
03bc1327
033a11e5
f59106cc
0ac6fd75
066ef65e
07960666
04b2184c
fb6b1a86
ede40ece
ec4d1389
e6e40286
f143fd30
f693fb00
f6a3050e
f59a097b
f1150873
de4ff30a
ec28ef80
fd15e6e4
02e9ef5b
0890edfa
0d980a87
08ac03e1
03e1fcdd
0033f3fb
0c40e957
13c0ef63
1b82022f
0cd608d1
009a0f12
058c111d
fc4009ca
fcbcf51c
0a2801fa
0e7f0951
0f470c3a
fe591b4a
e6a51788
ea030df9
defe0458
f04def98
1b0e0ae3
0ae21698
00211019
f7c10eb8
f474f870
f586ed9c
07f1006b
080704b1
ff1d20e4
f2b9102f
e3700a6f
dc2af062
f52bec90
01e6f5f0
0b82f802
00df1166
00e8087d
e4060cb6
ea54f99e
f6c6e186
1029e8b4
17b4f5a5
0eee013e
04740d2f
034e0dfe
f48cfcdb
0704f2a8
052df3e4
1825f5db
1bf50ca9
0fe81547
fc1a20a8
ebd30f24
efd8fa8b
fc72fe7a
0cf1fce7
079ffff7
f5461825
e9c1178a
dee00aa7
e195f155
ea27e6e7
0af6e552
0dd2f6ac
fed606ca
02d10320
f4c2fa53
f518f74a
fa08dc4f
0a25e71b
0cc0e99a
10e7f7f2
03740dc2
ffec0b4d
f603ffe8
f99af123
162bf679
1bc70003
183b11e0
10902308
fe320ff4
f9b90c00
edfe0cd3
fbadfcca
f9ebf06b
0162f063
0e40edce
0a5b043c
fd9008a7
090300e7
012308a2
0306f2fa
03fffec9
0cf70ad9
12750a72
018b1394
09a312a8
f9da1787
f317025f
f6a0fbc2
05f4ffd6
f72d07c0
01f2071b
ef370ee7
f1d80db3
eef10826
eea4fa62
f5f6ff95
f99df99e
fa51ee3a
fe13fa76
fbe30627
fc72f645
0358e7c0
0787f765
0934fd99
10e5ff00
0301ff68
09dc0722
fc700570
fcef0ca3
051afbbf
0b4d0964
10e80fb0
09e30f76
05861729
fc471bcf
fa37083b
06de00bf
023806cd
f9be0f57
fcbe0c2a
f5effd17
e6ba0629
ee28fa76
f604f00c
00def01b
050dfa05
042ef3ec
0576f379
fb580074
faabf09e
06aef22c
07f8f20b
1268fc0c
0ac9faaa
0c2f0322
0ebf0c8e
ef7ef761
faabe60e
0277f1fb
03bbff74
015f0dd3
048e0ceb
010afd98
faa7ed12
fcc4ef67
0b1cf807
08eafcad
0d150c75
0ffa0af1
04ff060c
012bffdc
f595f74f
fff1edb2
1322fe15
14300de7
06dc1211
f5e40d4a
f4740852
f68cfdc9
f907f9d4
fc22fff2
fc570c4c
f9191061
f29b0364
f1a2028c
f48af447
02b6e9a9
056bf4d6
1115f30d
0dd30025
0022012d
f9120121
f82dfbf6
08e5f5bf
0506e964
0fa9fdf7
1446051c
074e0942
06fd0cd1
068e0358
fecff639
0425ff3e
0abd06ae
0e6212e0
0cdd126b
fa8a0659
f28b10b9
ec5df9b8
f97df9c5
07ba0235
01850054
06ca0c8c
f5e908f1
efbbfc2b
f1cfefad
f781f25a
0bd0f254
f2a2fbd8
03f0f690
017907b1
0b2ef956
111afcad
15470087
01a60e4f
fcff0eb0
030b03ea
ff8afecc
0900f97c
0bf1051a
14e10c86
03d717f9
fae30fcb
fb2010e6
f2550b56
f8c9007b
f286ff9a
038bfede
ff13052d
f233022d
f8f8f429
e247e7f6
f668f820
0666f60e
0351f16b
01ccfc73
fd9ffc12
fe42fda3
ff6cf472
fc8ff333
1824f183
1621f4e3
0fb408f3
0fda08d8
08f10a83
05260549
0b1cf277
08ac012c
0d280d09
050d1350
fe371ec7
02000ab4
f50a0769
fa110712
f2be02bd
f70c06ff
05c10d4d
fd2e03b5
f4d5f81f
ef5df9cb
ef5c051b
f094ea65
fd2aedbd
031ef539
04c1f7db
0138f6de
f96f0238
fdf7ed9c
00eeefde
0682f5c0
17ee0150
103c0bd4
0aaa0470
ffe306e6
f6280338
fb5af94c
016cfff0
f6700064
f026f1c4
0032f347
0828f778
0de9ffe6
06ebfd9a
03c0fd9d
027af27d
02720049
0526f589
0edffdb0
0f7f04ae
136a0588
091409ef
0dac0baf
03d8010f
0045031e
04c808fe
fae306c1
fc450bf3
edf90670
ed48003a
f65905f0
fa8dfe94
f92df9d8
f7f6f295
faf60174
fe19ff2a
fbe70add
f7b2f289
f556f6dd
01b1e7de
0536f0c7
0a50fd85
0340faf2
ff1dfc34
f722f639
054dfa3d
11a5ff21
0f3afb7b
0e7d0290
0bbc0b89
05e40c36
fcf41657
f8ea0124
fe67fa6f
0de40b3c
03cb0eee
09850e80
02fe0701
f2d60f35
f5b10273
f6b2ffe5
fa1e019a
f1e4f94d
f8f70106
f8eefc0d
f2f8f5d1
eb39fa5d
00bcf571
f987eefe
09a1f482
03b1ee7c
127bf4c1
115a00d9
0d01117d
035b0703
f2590b96
fe1bfd23
010dea49
0e64fbe5
0facff91
0c211015
09c50e60
ee820937
f6e206e3
fad5f53c
077bf9d6
0551020a
06960ae6
faef11b3
ee260b49
e7cbfe0b
f0b2f4ac
f79ff60b
0c96f4c4
058c0c7a
fef70d9a
ef730082
ebdbfe76
f1fff107
0388ec0f
0a8ff485
05cefb45
03eaffd1
fb87076e
f4b1fef7
f2d7eabf
108df5b2
0e09f3fe
171607e2
057c1b56
069a19d0
ee0d12b0
f12df824
f71af8f8
fd5ff7bc
0b96fd2c
08b10f5d
ff881b96
ed050e8b
f85f025c
efbff91d
03dff259
02f8fb81
0e670708
ffb00688
f5710bd2
f6bbf47e
f05dea20
f6f1edf6
14aaeea4
0c41fee6
01a10b38
08b402eb
f451044f
f52e0414
0471fcce
00daf11a
0516fd33
0fb802ba
ffc80200
f2cf0b15
f85cfa51
f7bdf43a
fa5cf2de
093304dd
04240109
034e044b
fc791097
f74e0b7a
eed4fae7
fa86f402
0025f761
1100f5b0
0a020dc1
041e063b
fc5510fb
f458eb89
0832ee57
fa77054c
086a01f1
fc8b0c2b
07c90db6
ff430486
f61efde1
fa2002b7
facbf710
1068f9ef
09a60997
09060acf
f6921140
f4fc0316
f2f103c6
fad4f7c5
0439f401
0c52f68b
fe550148
fa1c0245
f44dff2e
f8edfcf0
faa5fb6b
0b0cf45b
1150fc1e
097c05da
04de0047
fa9f0a19
f3cfeffe
05fbf996
f9bcfa72
10cefa05
ff6a06b1
fd1b0ac9
006df7d2
f8f80411
f6e0f63e
ff25fa1a
0544f27b
01570207
0a631052
fda7eead
0b2a000f
0fcd142e
10b010ed
f5b71671
f5100b3d
f2d406ee
fc750144
028cf1de
fabdfaf0
011b0d29
00740f1e
ef2a0a86
f2a6ff49
f42ff921
fa96f6a0
02b3ee53
09ec08ec
0ac90fe1
01630866
f020fe3c
f39cf63e
0272f03d
099ef337
159e027c
124613f4
049b0cf4
f25809b5
f435ffe5
fd6bfb06
0982f20c
1662fded
05c80efb
0aa31063
fa2b191c
eef3026a
efd2f908
fe70ee02
08200869
0ad7faea
02f7078f
f56b19a4
e5c2ff70
f62aede6
fc48e565
040ceb43
0e95fa7a
0aac01f4
02940369
ef0dff5e
f85df71b
0847eb78
0d9ff0a4
127801f7
09800a4d
0a140ec2
f3d00ac6
f9d9fe5e
fd53fb46
06bef822
137cfe4e
10fa11b4
01f50ea4
eb47067c
f231ecc2
fc75eb0b
fb76f204
fec3fa42
0d01ff11
0c8eefea
0c7ffb0f
0d29f223
0fa60305
0f21fb39
05edff60
092007a6
0e4c0600
07a90806
02d20b05
01760d16
03031256
f7a60ea4
f1eb0d2d
f8150900
f2110d01
f1390908
ee21fd05
f41b0239
f1ad04b7
0172fd9a
eb1bfe1a
f59df6c3
f935f2b4
ffe5ea06
f88fe903
fb76fb73
fbebf48e
0a21f36e
0f9af780
0fdef88a
0ffa01c1
0e870313
1b7bff35
09d70c1c
056102f7
06e30413
02bc1573
056a0dc8
08bf1350
05f10ce6
088f05d8
faf10ab3
f6fb0b9b
ec2c0850
ecd7009b
ebb0021f
ef5a029a
f115f223
ee9af98c
efa7f6e8
fc46ead8
f556f40c
f5a3ea38
0126f10c
0425f3e4
0f02f09c
003ff498
082af8b6
f26b078d
eef3f21f
0a95f76c
0ee9f70f
097e13e2
f43d18f6
f4a00896
e2d2f6bb
e801f9ba
041cf708
0c3ff173
0f3d01df
00c30872
fa27fdcf
efa7feae
efd1f589
01d5eca2
1463f11f
10dd03a4
12be0e03
f840100c
f134041a
eefcede3
fe53f55d
0e61f746
10e7018c
0ff50fde
10761246
eaec1aa3
f7d60443
f62bef17
032af20f
1504062f
026500ec
054e0b8b
f8cf0f10
e5b10504
ec29f409
f3e5f13f
fecbf343
12c7fdb7
032d0fd6
ec960806
f44a0063
f80eec41
053bf27d
084ff276
1235f3c2
10a30881
fbac0438
f8900232
f6caf60f
ffc4eec7
0a32f6ae
1260fc10
11dc15a5
093b10da
ebf01895
f2defcab
f7c4e768
0452f334
0da2feed
11170757
06fa10eb
f30af781
f522f073
017aebb1
08c5f714
0a560e3a
08a00382
feee034e
f3ea05fb
f32eff37
fc5ef702
0a7cf219
08490293
fdf40e7d
011b14f1
fa0005bc
f60ff470
02c0f124
0394f645
01e40778
08a9125a
f9921671
f399041f
f1f3f88f
fdcaf252
fc54efbe
fff40792
0354fc32
f7ee04e1
f5ac03fe
f7aaf188
ff97fb3f
f8d0fe78
0034057f
06fe05c9
f48b08e5
fb6603f4
006d0606
0263f357
07a6f403
0998f816
0ae30b91
0bf10a38
fa760a9d
f92b0203
f8db089c
fdf3ef1d
0801f7cf
068705f1
05c70333
f36e0975
f5f3fca6
f7d6f7b6
fdf7f22c
09f4fc5d
0733fa03
079d04d5
046e024c
014209ac
f42c0000
fa70f1b2
ffdbf149
01d4faa7
075e0770
05ca08ee
0c4d07cc
08af044e
02f4ff9d
f9b007ec
f4f009e8
f95b021a
064305c8
f9b20fc1
0071006a
f2b70b08
f9200b81
e8ecfd0e
f277f65f
fc29f734
024ae9cc
fcc9ef15
fc8efc45
0275efd7
fdd8f5f4
facff1c6
097cea84
0c38f0b5
0bcbfdc3
00d9fd54
08170277
079e03c5
02eefdee
07d5f723
0d05fd14
0b9a02a6
15f318d7
022e0afe
01d609e8
00380543
f7fffc47
fb50033d
04d60964
fb7e024e
f9690774
f02f034e
f41901e8
f846fc76
f62df3f3
f922fa55
fddaf1e6
0086ff98
f67bfa2b
fa5beece
ffd4eda2
09b5e790
0dccf31d
0ad40562
0481fcb3
0fe50a42
0b720a86
06ea00bd
05fd02a6
05e602c7
0a3b1020
06fc0b8e
fc740aeb
f4a90d0d
f8d6114c
025a07a3
00e6f8c1
03e8f0fa
fe4a0425
fc3afa58
02eefeff
fa00f9bf
002af911
004eed02
040ef988
0c66fc9c
0ca5011a
fed90c6b
fe7b098f
0ab60473
fdbcf83f
0845022b
0b9afee1
0d7b0abd
03cd117e
0091059a
f2f3f948
0152f8e2
04520420
05510a0e
fab40f2a
fba00cf5
ee1907ae
e841fad4
f0fafa01
f44df78e
fd12f36e
02cff37c
0c1000a8
fb230701
fb7cf869
fa75f98e
0051f466
00f8f0a5
0c02fa50
0ce0051a
fef4ff01
f4f8ff01
00e701c5
0198f8dc
0f2aff47
0c0e0651
0c6c08a1
fdc018ef
fa860e12
f90005a5
f0a3056b
f5dd0566
00670394
fffc0327
f8f20566
f82c0791
f5f208d6
f908f390
fd6afa9d
0267f96d
08130c33
01d30111
fb6702b4
0394ec6f
00b1e997
ffb6f1a6
0f1ef2a4
0c87f773
04d6faef
0594f4d3
126ff945
18c6fc10
0d4602eb
11c1f9b3
12800504
02020936
08fc1b36
00cf146f
104b0abd
fae50af2
f5f20c94
fae7124e
f1600b69
e50f07c4
ee63fc5f
f0ed03b4
ef8c0481
f89ff8b8
f05bf539
e7dbf92f
ef3af420
f997f087
f771ed6f
05ece94c
0343e64f
0289f578
1074f058
0c4ff857
0b07f5e9
06baffbc
0c5ffd75
17c5077d
15dbfe3f
156e0a94
09ee0ec4
00030d81
01260eee
01fb09fc
f9120cd1
f553165f
fe8310b0
f55d072a
f3e50965
f9d5040a
e9f6fed7
f489ffc4
edadff36
ece1f264
f904ec27
f7d7eff8
fb5fe931
fce7f0a3
07a2ecf9
0485ef6a
0a98fbf5
0f64fb1e
0466fa4d
0ab5fea5
f5b6f445
f1f5e9ea
0232fd39
0a2503ef
0671042d
f9570274
f073fc02
f2abfa55
01a1f8da
0f62ed26
0a080224
11420c8f
f8c31055
f68e008f
ed4deeea
fde3ede1
0b9e00ed
0f0b02d7
0eed09a9
fb630974
fa770c7c
f179fa37
f4f0f5b7
061be8e0
fff9fa2f
00800ced
03ee11f2
f7200d46
f430fac9
ef8af88b
09c9f743
0719fcd4
04210816
1ce60be4
fc5e0965
f11afcd5
e9e7ec32
016ae747
090eee0c
0b2d030a
08800eab
fe0f0dfe
f4030a0a
f1b800d3
fa47f1ce
0019ee5b
0d2a06ec
0119090a
faab0ecd
f62a122a
e7bd0898
01b3f730
0c9cec2e
04e8fb1d
0f2c0ee0
02cf0972
efdb09e0
f8830e7c
ebbdecd1
0103e9a9
0660ed85
1772f75f
09940466
fd3d1085
ecf508a5
ec2cfb08
ff6af4a3
ff63f270
03b7ff27
067c0e8a
f1dbff64
f7a1f573
ed75f0ca
fb75f5bd
0b93f4cc
0aa501d0
0dfefe99
021dfaf2
fac006fc
0176fe22
06ebf8a7
1892019c
0d2106b5
04031345
098814e7
f0f0121b
f1c70203
0051022a
036603ea
08e80306
0b2f0224
f59d0e30
ec911100
ee44ffe7
f062f95a
fa37e85a
fc90f76c
0081fee4
046c04ad
fb28fba8
f4aaf39b
f2d0f1d6
04efe609
0464efe3
1aa0f567
16350150
12960768
fdd9fe06
09d5fa6e
04a9fd3c
090df9d8
1953f765
15060ca7
fdc41298
f7ac0f6e
eda000b5
fa75fa6e
02650350
01b40d5b
fe2e0d61
f0c808c2
e0ef0794
f311024f
f358f264
00b8f3a5
ffaf0299
053afca0
f9eb0471
1433000a
0f68057a
18040852
15780f51
0a091088
03d414bc
f6fd13c2
03bb0fd2
042e0fe6
0708110b
f17e1393
f4d20aa0
e6f104dc
eef2f63b
efedfa43
ee49f3ba
eeb8f24c
f440f8d0
e9f7f81b
eec4ebed
ee4fe896
f22be7da
feffe3f5
0fcbe2f3
1470f607
0d81f4a6
0d18f02c
088400ff
15bafaf7
0ca7f6a7
0b25fc88
12ae0dcb
10a4146b
071c1d26
03ae1473
01390b61
076312cf
f8f70c73
fe6f0b13
f32e0a77
fa8f09da
ef710895
ef6902aa
eee5f8ab
ec15ef00
ee78f2ce
f55df153
fd30f0be
fb4ef8b8
f96bee88
059ef0a8
030ae8ca
0bdfe9a9
0dd9f175
13240505
0ada05d3
0bfc04c1
10a1fdc2
115b085d
10800763
11d9010a
08b511cf
02b31672
00ba0e09
ffb1ff4c
0a6dff38
fc5802e6
f890fd09
f814f9b4
f932f2f8
02b7f739
0160fd1b
008604d1
029203dc
fd9afe13
f7dc0414
fd20fe6a
0060f84d
fdea01ea
0466ff2b
02f4023f
e9c20d38
fae4febc
fc43f1fb
0112fa08
fe81fce9
03e0fdce
07200602
019f0843
f8aff829
fb59fa31
f798f7f3
fffdfb71
043b0261
f733ff00
086c0f34
0168ff36
ff72fbbd
f96b0192
091fffd3
04990a2b
01e704d9
013a0df6
fffcff2d
f859f85e
064b09c7
fb74f485
01f903c8
0fce077b
00c5040d
fcb20a98
fba60406
025b030c
fa62fd18
fd160204
1048069c
fef810b1
04910561
00acfec6
fc3af9d0
fbc5f684
1033fcc0
00000206
075403e0
fb240b1a
065ffd24
fb72f58f
ff2afdde
f1d1fe02
f060ec68
f5e0ee68
050cf46c
0149f861
f9ebfdc1
0852fadf
0b16f292
ffbbf4b4
001cf84d
192ff37e
0f7d04fb
1887021b
10620caa
0bcb1650
06b01075
0d8d090c
0354ff7d
0d8f075c
011f1952
021208ad
ee37120a
ef81096b
ed68fc1e
fcd7fb40
017dfb0a
f7580eb4
ed040846
f469fbf0
f286f0ab
f440fb5b
fa25f265
053de2d8
0c56fb77
0b33fb2c
f8def649
fc61f3ef
0178fa03
0c56f606
0f37fd54
1c2e042a
16310808
088a04a2
0ccf0b89
fe910086
0c970309
043a0368
0d100ba2
074e14f2
f5d10af2
fe3112a2
f3090ea5
f415071d
f8cf0600
faf302c3
f627066a
f46bf89c
efeef6f4
f1870542
ee95e9ff
ffe9e9e3
07b7eb34
063efac7
0b86fec6
0a85fb4f
0314fe59
0ed6ffb6
06fbfa8c
10320627
0db30a17
07400ce1
0b0e06a8
06950b61
fa1ffcea
02930f51
fe5407d8
0b2101c5
fd0c0344
fbc61112
fd8e0551
ee240446
fd2e04fe
f623fc4d
f5a3f533
f98cfb65
fb3bfb57
f94df6f3
fa15eddf
ff20f4bd
fda2f2a6
0003f953
0fdff3f5
0838f8f9
1018f6b0
098af5fb
0e9ffabc
08de000b
0c61fbad
12b0fda4
07a507cd
050508c4
fed3fe62
026e16aa
00f90e53
fb8e0740
f3db0dac
f38e0a99
f35e009a
f6900056
efe90427
f9940344
eecef7b2
f9bc03a1
fd7df96c
f7d5fa9c
f4eef343
fe5ef44f
f82efa03
0382e8da
fba4eeab
0436e7d4
10e0f7c9
06d0fa2c
04ce01b1
1106fa8d
0b5f0376
0a5500e0
0e650ce0
f2bdf832
f739f30d
00abf463
0245e828
0262f8f5
09defa6b
0a3104fe
fc61fdaf
0415f594
fb53f23d
1a13faac
15ca043c
0d8b13e7
00ea1073
086102cf
03ad08ea
fe7efc7d
115902d7
0bf511f0
112911f5
fc75191f
f2f218da
ebdf08dd
f1800192
fa9af2de
ff77002c
f8f2065c
f4cf0d22
efa100a7
f269fab3
00beee94
f9ccec50
10a1e67e
08950437
06bf006f
01620b0d
ef2f0210
0703f4ba
06f4f90c
0875f299
168a04c1
088405d7
092c06f1
fbc5080d
0742f344
fbf8ff3b
1aed0211
09e90ba9
07d8167b
ff931222
ed98148d
edaff9cb
f7f0f687
fd47f2d6
fef60008
09a102fa
fef70e44
ef87fab4
ea01f6b5
f7d3f2a1
fe3ae3a8
05a8f88c
03230336
09d50387
f9b2ef4b
0155e5b1
10a3ef21
14dff8b6
131e0898
10f10f29
03b00fec
f1f3fd2f
0bd4fb60
05dcf5ad
0d8b03f9
070b0ba1
0b200db9
f2610e65
fffe0b1a
f526fc03
08990a26
fad201ba
0690feed
fd5f1248
f254075a
ea6efc24
f154f4aa
f399f3a4
fe7cf86a
00c8fd49
0741f733
ff44052f
f7500069
03c4ea21
fa10f386
0c29f27a
0f5c0739
0fc703e1
07ff0eca
fc970e2e
01bcffa8
f95df48c
12feff11
0c7ffe71
060c0d62
f4141a9f
f6ea13eb
fcf40e6d
f3c40510
00ad0323
0747fb54
04be0c3e
010f090c
ee2b072a
ebda04b0
e395ff3e
fee0ed88
01b5ed5f
009dfe75
09d606ac
f53c007f
f57efb79
f990ed00
03cff56e
0a9af5c8
1ab1feba
0b280ad5
060b11a3
03d80973
ff06f802
0cf0f5be
1077ffa8
0d5df6d4
07760d61
0ac514e7
f72f10a1
0014052c
f746f9fb
0707020e
0a5d0424
f6df05e8
ff560f86
f8de0a4d
f57d0a3f
ed7aff93
ff96f1f2
fc1ff86a
03a6fb59
0902fb54
fd08f8f3
f94d0601
ff75f26e
0557fc7b
1304ee96
075ffb43
0e00ffb1
fe3c02f7
faae08a7
f407feb9
f086fc8f
0f520235
090a05a3
0bdd0da5
0a7b0c01
fe4a152c
f5ab1045
fa7800c2
0805faf0
0b5f06b9
04510876
fa860a16
f47ffd4f
f2a50054
f719fecc
fef0f4c6
016af6f3
04d4f8dd
042bf6f5
06750699
ee3df538
fc2cfb21
0a21fa5d
06d8f471
0fc8f9a3
09980689
fd7afb9b
06240636
0b4a0119
0603f703
056af701
030f035e
04830d7c
fa89059e
008fff9e
fbc8fe87
fa5d0c11
0569fb12
01e40633
f4700e45
f980f54a
035aeb51
020aee48
0592035b
0f7dfdd0
ff18fd61
f8a2f9b9
071ffbbe
0bbdf7a4
1545fbde
05a6fc43
04e4fcbf
08590a55
0a37fbfd
f7b406bf
0a39f9a4
003b0246
0e66fd0c
00af01bf
f9d70c49
0024fdb8
f48e0528
000602b0
f9b2f95e
f439fe75
fd2ffefe
f8bf0166
f879fdab
f862004b
f918fe48
fc40f012
0066fab6
fe43002f
0885f9c1
f7ab0f68
06fdfad4
090cfb2a
0564fb13
0e8ef983
0039fdef
08dc0312
043b02e2
ff840cd7
fa380074
03780608
003efed1
fbe60726
fbc409f3
f64002ef
036c098c
fa5efdf3
fd400883
02aafff9
f5d6f9ea
0c0e06e0
f573fea4
fa04f6bd
f410ff70
ffa1f9bf
085efeb2
fc430842
f17502d4
f2c902aa
fe87f854
f9aff7ba
ffbdf63b
074af0fb
01490a83
f9350633
f8dcffc5
fe05f43a
01d6efe6
00edf427
0b1f02c2
0af4fd95
03f4036f
fd6b09a9
fc5e0607
fde5f4ac
08b7fd37
06c606e6
14ae0ba4
f85f10ca
e8be04b9
f5b7025a
fd25fb6d
f9840383
02330533
f99f0c39
098c067a
f891110d
f4c00898
f03dfd2b
fbd6f5ea
fe33fb5e
fff3fec9
0c64fe65
fa54004e
fd19fe62
fbf9ee10
0637f1e2
0091f278
09ff0414
0fe10bac
fb000af0
fa9c01cb
fe6b0229
0223f87c
10720276
0ee20049
0117063f
0ac912e6
fba10a83
ef21fc89
fc460387
fa33f520
0d0202ce
05510a9c
f2420f7a
f550118b
f01fff8d
fce8081a
fbf9f7c6
fb69f391
0306fc98
04a802a6
f5e2ff45
feec0914
ffb8f96e
f99bfd1a
f8a3fa23
023affb8
017802eb
feb0f41d
049cf895
f4060555
fc63fd81
077bf33b
09e7f803
11141369
0388020e
0fc71219
09c0072b
f3ddf679
03e3f7cd
fc7ff786
03f70288
028a051e
0c44005c
f3610978
04730555
fe3e0078
fa3c0061
fe6bfb1b
02e31436
fe2a0331
f048003f
f1160102
faacf646
fb5ff7da
023dfe04
0c7a090c
07b1fa2f
01100371
01e90745
f45a00ab
01e9fbbe
0c1a02f7
07c2041c
053b00f4
014dfe13
063a0f13
f1b203f7
0470fe09
088d0581
0675ff58
00c20309
f07d0ac1
faa6052d
ef51036b
f556f53b
ff18fa83
0381f55c
01820556
fb5e0d82
ece70159
f390f1db
f481e3bb
10f8ec0d
0861fa85
171a0f97
088f13f2
efb80e70
eae5fefd
fa88ece1
0d28ee10
1d8f0488
1b9c037d
fa7a12aa
f06f16ab
f45efa5b
fb20f8f6
fcd9f074
194dfa7b
17c40c18
0c420e20
fab9110e
f1f6fb30
f05bf2ed
ff32f20e
15feed82
1967f69e
02d70cc1
fb87168c
ec61082a
e7b8f8ff
f9cee039
1007e97d
104802bb
13d00336
fbb81374
f6680a93
ed4af68b
f5d4ed02
155ceb19
16bbf6d6
123c0d94
04661d8a
eba10c49
eac30856
e667f88a
090fecf6
0993f46d
13760fed
f653138f
faac19ca
ebc40101
ee5cf6cf
ff7ff398
0ad7ef68
1685fe8c
0aa61275
f93a1455
ec5f0d49
e6b2f3de
0007ed7b
0584f55c
1a610154
0e450728
f85d0627
ea37fae4
f522fcde
003cf994
f5fef2f7
fc900345
f6ab009d
ef52f71e
f6d0f181
fce9e0b1
0be6f14c
094af289
0bcaf847
0bc7fb83
0437f5e8
07e1f578
08eb00b1
12adf919
0b00fea3
0d3c13a7
04680fda
08d3146c
f9d80d88
faab03ed
ff1c023d
01920468
0649123d
f82e1462
f57a1554
e275021e
f4ee0920
f27df4d3
00fc049c
007cead8
f9e4f9a9
f9ecf922
f33ef3cd
efebe5d6
00d4e76b
0be4f5dd
0da7ed82
12e4f858
08e40631
07cc09c0
054af818
0d62f7e2
0d7b0467
1885fc43
0fde09b3
0d020d46
fdb70e4a
f22f0d8f
f930fd72
f2ddffbd
fce50b5e
03e20482
f1290bc7
ea12ffa4
edab0caf
e495f564
f6c7fd84
f750fa35
fb55ff68
0c1ef9cd
ee0a1f9f
eb420783
f0bef7c9
fc86ea96
0034e5f6
0a02f48f
17230cb4
f6e70963
fee8121e
f3c0f553
f2cee6e2
114fe6a2
1b80f4ba
109609cc
13050c5e
f8bd0f1e
f95d020c
f66bf9ee
0af9e497
2019f9ee
18380e0a
026419cb
f04b22bf
e4bf0d6f
f039f9a4
f6c1e261
fe37fb64
1335039e
020b1514
ff091ab1
f3fd0792
e3fff1f3
ef03ef78
0969ee2a
1d43f11e
0eec093b
fc0a0ced
f2a813fb
e435ff19
f9addfbb
0ce4e424
1e58f5fc
1e5004c4
0c120f3e
04130a7f
fc2b06ac
f400f5b9
0574f1fb
0f07fc6d
134c0866
0a0d121e
fae61d9f
e4820e64
ec83fa6d
015deaa5
0194fad0
0c10fbc8
0b2a0dc2
f3a5149e
efa7ffd8
e6dbe9e9
ec4ee300
072be583
103eface
0091f9a5
080602ef
fe96fc2d
f759fd8e
0b7b04c5
0b9502d0
0645fc05
03f2f6d4
0d91fd1a
2038029e
11d00ac7
026903ac
fa6203a2
fa950d9f
fd7c019f
f99506f0
fefb0b4d
fd11ffa6
f77b0d80
f24a0dd8
f3d8052c
f35bfb58
f9c4f5f4
f9a4f30b
008b059d
f72bfede
f40afbbf
f2e5ef59
ff31ef6b
095de8b1
1240f128
0225fe1a
faee0f44
0450f92e
021f05f2
fae6f917
0590f472
19fff4db
fe7a0ba9
0e540389
07e50d87
04b51139
ff1e09b5
fd6609b2
026efc10
0ae71214
ffdb151f
002613a7
ea910e5f
f865fe12
f964f2c4
f5b3f6ee
0086f960
029cfc4e
f32e04ef
f127ffd1
fe00f73c
fcccfadc
fd97fa1e
0e9ff12a
024fee02
0b88f6ee
0e550372
fd170738
0aa210d2
047c0723
06050826
fb0b016f
08b8fc7c
00f60adc
047c0e7e
faae1020
f5790c0d
ece1fd7e
f479f6a7
f4df017d
fe40fba7
0b17fc25
fd560a06
f1d1fcd2
f1b2ec14
f21df319
00e7e884
0df5f637
03e3015c
fe68fc12
fc840279
ffa402f0
0056fbf3
0934f20e
0b1df8b8
0bf9ff9a
124a0b46
07c10fcb
00ef0d09
f4d5099f
f59b0a03
02e600d1
0b470cd3
08ce098c
f8bc1024
f3470746
eba2f85e
f2460115
fd1cf47e
fd79f2ac
ffd0fac9
00e9fcb3
eb5601bf
ea930051
f6ebf455
fe52e8c5
0f19f4c3
1339f63c
0d90fcdc
fcf90b3b
fccf0513
fb8cf8ea
0234f2e4
0ae7f2a1
0cff0dc7
10dfff07
030c14ee
008b1624
0332fcd8
ff5a08ac
01f7fa27
03160870
00e4f8c9
0313fbd3
0b18f2af
0c36fc1d
11d505d6
08cc0ad7
f5d10446
f449fa30
f62604d8
ffc90083
0daafaf5
08b00b02
f8d2fbfe
f1df076d
e87505c4
e638fbef
f29af8f5
0387f9de
075dfb75
01f3ffbb
f63a0499
f63e01d7
f5dcf789
fdedf3b8
00b4eee8
112af8a4
06870cfc
02f10b16
038409a0
fdf4faad
f943ffa7
040cf7e0
0d5b016b
03240daa
06570718
ff9407c6
f1c203ef
f582fce4
052500cb
03730292
0a6afe32
0a570829
f3930e16
f6f707d5
eee1f2d7
fbc0f53a
017af148
05defced
05fd053c
0599feb5
fd6ffed4
f32303ec
00edf3e1
0363f264
04def6b4
005e06d5
00f20156
f31bfd9a
f776fb4e
fc43f464
11f2fe6e
1293f59b
0bb70996
099f175b
15b8fa3c
101904ee
08a9fab7
0c080add
0de50a07
f9570b97
ff60015e
0b7501a1
048a0b54
fdf40615
fa270918
f4f30d4c
ecfd050d
efcb05a2
fefc054f
f992fdcf
f8defa77
f684f5a1
f29ff604
efd7fb02
f414ef22
f5e7f3f1
0784e2e3
0e47f42a
070afb10
0a3bffe8
063af37f
0c6af185
085ef878
0d6605e7
0f49fc9c
06ac0590
febe0939
0d5f01f0
01c506eb
05690817
093d014f
09d60799
fe66087b
ea551be1
f9fc0e83
ef680612
ebe0019b
f9c7fe33
fddff9c0
f95af5f8
ede2fec0
fc31f221
f3caf894
fbd6edff
0236f4b8
0bcee978
f6bcfc35
06d3fcd6
0196fcc6
0497fef5
fe33f16e
0027f4b2
19d2fb66
0d100426
0f530f12
077e0dab
09f710dd
f8320ef5
025aefa4
0f4ef8fe
11730957
159c0e89
009d19db
f6f3181f
e6ed0d5b
f3aefcbb
f8c8f3c5
f8e8f4e3
0a6f0642
00300331
f3240cee
deb3fc61
e672f278
f741e429
09ece220
093ff0be
0983018c
ff8c0814
f28bff3e
fc93f45d
fb11ec8b
0512f3c4
20fb0607
184b10c8
0c87150b
fad90652
fb410058
007cf9f2
0a40f180
0c45fc9a
0c7e120d
006e1331
eede19b9
e8ff0542
f633042c
fcf0f266
fc1afacd
034bfe66
ff340d35
e3de10db
de0ff998
e923f7cb
fc50ec19
0c4ee8f2
06fdf2a1
148806f6
fc510b4a
f26cfed8
fb5cfa27
fa17f2eb
1135f02e
1ea5f504
1836097a
0da815a2
063c10e4
f9fd04e9
f912fbf1
090fff3c
0f430b6f
0ed6188c
fd87182b
f3e31224
03e1fe45
fd9001d8
f74ff420
f879f9b2
fed0ff5e
f9a90287
fe22ff95
fe2800d1
f913ffa9
f515fa9d
0299f785
fbd9f013
0805fa9f
08cd0291
0944f9e7
fe670165
f5d3f79e
0578fcbf
05a1f89f
0bc2060f
10b9fe7a
fd3c0e38
fd2e0c48
fb0700bc
042700c4
04be0a3b
087811c8
f7eb04a3
fa5506c4
f368ff0a
f3dc0005
faf7fa65
fbb9fb3f
fcf90218
f876fc49
f46afb73
015a0033
fa5a0566
05d3f7d6
0275f0f9
0256ef13
1007fbbe
fd42fa22
0783ff96
08810944
0121f591
05b0fe46
0062f934
09bc0658
fe7c0a72
06250c6c
fa820821
f804084f
fedeffcd
0866fc07
fe3b03bc
07ab0be7
037ffacc
052b0b49
f2700fa5
ed180771
f93ff782
f3c3f3f5
fe74f7cc
f92d1686
eb1a0ce9
ef33010f
f8cbf406
fd86f37f
034af747
06f20a64
fb4f11c7
fb4913ca
e90e01ed
f444fa18
ff92ee4b
09d8f428
11bb01ca
0e050c1a
f515062e
f75efc4b
fcfdf71b
06e5edb3
0e5ff653
0ecd0b36
13270a1a
022e0e5f
fd750942
f034ff1e
ff4df9f1
02b0ef3b
0d220611
fc0606f9
f9171868
f1c90912
ed2c0248
f6a9f9bd
fc26efdd
077103e8
fec1012c
faf6059f
f5ba076d
e383f0b0
f40cf438
fb2dee5e
02def57f
11870585
0f10062c
052c0539
ed92fff1
f45ff5f0
0856ee3f
0b5df1a5
113c0387
0b72093c
06770d3c
00b705dd
f948fe28
fdb3f0b9
0822fcd3
1278060d
016b0996
fd8616ad
f3a7fbfb
f7a9f89f
f4f2f5d6
f751f76b
08ef01b8
eb7809eb
f52c0e72
f04703d9
f04b0342
ec430a05
eb33fa48
ec19ea79
f140e9c6
fe25f434
005ef8f9
05eff285
07b8f358
0be5e7fc
0345f173
0a56ec79
0b68eea9
22bdffef
1a2efc71
10b6faf9
11d7108a
1008096c
0a080cd7
141a0526
03041974
0926156c
04a21f02
f8862013
e7ea16c3
f3950a11
f3b20427
f14e0420
f26f050c
009103fe
e91208dc
e98203af
ddf0f32d
f108f272
0af8e30e
fc4ae825
004af355
02b1f7d6
fd11ecc0
037cf328
0f8cf06d
16a0ef3c
2258fb7f
1dc104ac
16bc040b
1e730d15
04d60a28
0a440738
0bd40e4b
0ae40bbf
05ce0dd4
f8bd1cf3
f59e1110
e6490b02
e7050875
ed800d78
e69f0b69
f4770c44
f46ff9ec
e86b06b6
e1560699
fcfc0777
fa980637
f8b7085d
f68808b1
e713fecb
f971f04a
fac0f9b9
008f0286
f9240658
03eafcf4
f3cafccb
f109f864
01aded8a
0d67ecdb
071cf4f5
0a73ff17
161d0764
09a7fee7
050e02ec
0c73fe0d
02c5fe9f
0401035e
02ed0652
077a1e2a
03900e30
fbed0764
04f50a1b
feeb0076
ff3b0570
014301f3
ff920a33
f3e30ac5
f4ac0297
f0d8fc35
ee53f5ad
f0abfb5d
f935f2f1
0473fe73
fdfcf49e
f8ccf17c
fe24f948
0b4ceeba
0244ec13
0484fca6
0fb4009f
0c35f769
07c6025d
034afef8
06ff0617
0c2d000d
fffc066e
115a043e
132d0848
f783103c
f2f308e0
fb340521
fb3f0156
fee70965
03bb05f4
f9cc04a6
eff709d0
f2fa04e8
eb880768
f9f4f119
f43201e1
f740fe23
fb91fc2d
f5c9032e
fa53ff40
eff3003b
f4c8f3f5
f3e2f83d
ff39f788
0392fe4f
07faf8aa
0a26f8f5
03bbfcd2
063bfabd
fe73f53e
0019f440
fe2300d1
0fbdf96b
079b0a02
04fb0aa7
08c70941
fbe7107a
0c5b0857
052607ba
01130e12
fff507b8
f8ed0128
fd280120
f5f50103
f28dfdd3
f83600ca
f4760121
f8ffff72
f8b10a93
f66af833
ed68edcd
f70aebf8
05b4ee67
f669fad1
0756efdd
016afa6b
03980b3e
0377ffa1
008bff45
0acafb06
0db1f3b6
11e20875
0c890e49
07280273
01170c0a
05ec05f4
06df0499
049904f3
00cf017f
00c10de2
0a81162d
fa290b4a
f51c0221
f31c007b
f935f760
f8dafc0f
00baf739
fdcb0234
f66206e3
0b420997
09720481
f3f10d12
f83dfb7b
0228f42d
0368f051
0fc40701
0abb084f
f79f042f
f9b7ff20
f4f20394
000ff0d6
04ceff06
09c9f6ba
fdbb0d39
f5b1073f
f2abf96d
f5b7fdfb
f9e2f793
f9a9f8d7
0cb8f798
0c3dfda7
0a2c01c0
0317069c
f29f0906
eed1fad1
06c7f37c
10c1f818
09ad08ed
082a1c05
019d0ba4
ef3c063f
fd0afdf2
03da00a6
042f0951
1099077e
04830a14
fac90ace
f1640b47
ef24f06a
f8cef774
0ca9f605
08b1fc33
09d705d6
ff490824
f31b0540
f094f86c
f9b0f398
046fea14
0c6def83
0f6a0582
f8870611
fbb60d66
f42d0619
f783028b
0148f00a
1386f429
113d03c1
03350cf8
fb410e3e
f4810159
f427fc94
fcc1fb37
0db4ff51
0f4ee7ea
09cbe6d2
0f65014e
0bf3ff0f
049e0c2c
fe2afc41
008cf8f5
136703b7
1059f854
170c07ff
07f60d96
070b17b2
f79e0e3a
f07006b6
fce8074c
02c6046a
046d10f3
011d0eaf
f6931726
ed3b056b
e23bfa0a
e6b6f3ce
ed76eef7
004ff740
09cef342
0374022a
ea86031b
ff59ebc2
f41ee402
0410e5c9
0ac1f534
1025fc76
124cf829
123f047b
07500b50
032ffb16
0abff36f
1411f565
0d08020e
11ff0642
03881c30
01551200
ef2e0b93
f7e8fbaa
f79bff83
f3ddfeac
004a1042
f35f143a
f1740630
e31e0705
ee22f3af
f826e5c9
046cec4c
0289ff51
f960fc6d
fb10f999
f5d4f3cd
0230f030
0430e176
1622eeb3
2675f925
08230d75
04990c97
0378072b
07b7eeed
0a9fef92
05c1f391
0adef54d
03b1ecca
fc4afe0b
0c41f309
0d8ef1fa
1779f92f
1f4f0408
16140ab6
021114fc
f9950c3a
ff8d0c4e
09430e93
09cc04ac
083a1251
fb89216e
eb8d1dfe
e65c1175
e63a08ae
efdcfbc0
f942fb24
0604072d
f4cd0515
ee460a9c
e490fa2a
f2a9ee6e
eee7ebee
fa86dcee
0af1ef69
0e6cfa49
1125ff09
07c4f745
0036f203
0f23efb8
1edcff92
1865fcce
204d0873
198c10a8
febd1329
fd7810e0
01160af2
100c0626
022c14db
0223077a
fb64141b
f88c1524
ea7614b3
e7d609c9
efd0fa98
f7270078
f61df7aa
fe15fdd8
f5e6fefe
ea88f572
f02becdf
f7c0e49b
08e3e57e
04aef785
0cd1fa01
05f9f876
0941f348
0965ee16
fef5e694
103ef1a6
0e4b0015
09cf00e1
f44609e4
f9d2ec2e
f47bf528
0d54f285
131af3e7
190e012c
0f60081f
00f407ce
f5e30269
f6b8fa36
f7def96f
11f30044
0b7e1134
0dec1a9e
f5d1129b
ec4d0d5e
f2e9f6bf
f3deea52
0382fe88
0a2bf7cc
07520bb6
ff6107ff
e5a2fe4a
ea58f1a3
f5deed58
f811e6cb
1050ef50
0be2ffca
061305bd
f9160d31
0290f96e
0080f26d
02cfeebc
1037f25b
136704a4
09cb0afd
008d14df
f98f0256
f7e4fdb5
0a6ef3f4
18a50578
15030b2f
0c0414c7
f97f1657
ecb90c0a
edbffe38
eddcfc3d
fdcff5bb
06fafbf4
04690deb
fffb0e76
eaf3021a
ea77fa18
f369f180
080fe929
17bbf7a5
11c4fec1
fd3c0578
f959010d
f2d8ffb4
f28f12f2
e6880a55
db79f45d
ef99fc29
004e024e
0121090b
f788f9ff
e2b70595
d817f0c0
ede9e5c7
fa2cdcc8
092be9f1
1405f85b
13aaf276
04d2025a
fac7f1ac
00b0f0a8
1c9ae177
1f84f0cf
231e0694
277615a8
057a1b5f
fc6517c5
ffe206c3
05580206
0fff0680
0ec010e0
0ae01e70
f4351c72
df041364
de920309
ddc9fe69
f4c6ecda
0106fc20
01890526
f82d0285
eb350055
e9cfff04
f31de4d0
fc3adf6b
0c97e9de
0ef2f922
0314fb78
faff033f
f6f8f656
037debe9
1651ec7c
1e75f554
27cc0ae0
1f5a0ed2
06ad1a75
fc101629
f5d2ff00
fda301b0
07bf059f
11691ecb
199b1e8c
f7682211
eb640d62
e64f02af
ecfff986
ec3ff08c
f29af7e1
f88cffc5
fe4c0041
00450311
f67008a2
f2ecf6f0
fbf2ef49
fc700137
09a807e8
ffc60b1c
fa400ef4
fa7cfda7
0320fb77
018e01cf
0140f49a
050dfee8
0cc80386
0574fdd5
f648087c
fd0e064a
009dfedb
fb0cf798
04ba0346
018f0e12
fdbc072f
00d5013e
f3fbffad
028f063c
ff6efa47
0feeffd0
00670aa4
0183105c
f8d0028d
f381ff9b
fbc5f5b6
ffdeede8
fd3cfc96
0f940ca2
09fe0753
fea706ff
02e70739
f39cf390
0293ffcf
07af0390
065203a5
022c00b4
02380605
fe41fcd9
fa1f0108
fece061d
0681fd58
0b2f03e2
f9c70b25
fbe70c1a
e9b40895
f6f9f5eb
ff81effb
0014f583
00cef667
09480220
05f0fec6
f65afdda
feaef818
ff8af5e3
02f2012b
06aef076
fb2dfaaf
f5e3fd22
f7a4f86f
0d5fffd9
01f8068e
0f2a1278
f9270a54
f96d01a3
fe4bfaa7
0af60022
08d203dd
0e250190
fe080666
07a716b1
fc6efd95
f57b0979
fe13f4e4
04a509e4
045202f3
ff7eff5f
047d0072
eee503d8
fb80fd88
0163fa88
f872fcae
04f1f583
1145fd66
f782ff99
07b2fd76
fe2bf8e6
f7e4ed76
00b4fe4a
0861f1ac
106705ec
04ad0675
009d066e
fac70438
f6b2fd1b
0635f21a
10f4f5d8
0a1f0e64
07bc0e1b
012008f2
fced15c5
fb15f9e7
f262ff87
fede0598
0169065f
037e0bba
fdd40702
fa47040d
ecb8fc87
ff6bfad0
06adefad
04f6f163
07c70291
01740290
f960093a
f9df05f1
0248f1d4
03ca0483
0a3afe77
0a7bfaae
0ab10715
01370649
fdfb0548
0a33022c
0030fe0a
0c38070f
00a607a2
fbbb0c31
fa2c064a
f6a8fdf5
f199fbea
01b9f4e5
fc4ff7d9
f62b0a34
f33df6fa
fb4af8d7
f3dcfb04
fca2f342
06c6ef8b
0d9f0267
05540150
08760fc8
000700c4
016ffd9b
01bef9c9
00f7f98c
02c8fd24
01300632
febf0c12
03a30d0b
02400410
0390f5b3
0b64ff66
076200a3
0805078c
ff910933
f4841264
f0670ca0
fdc3f780
ebe3efa0
0057fc92
0c2500af
f61b036a
0128fec4
f27c0313
f617fe41
fca0fe01
09f5fb9c
0107fa37
0d2302da
0049fa7c
0295ffca
fad4ee22
055df8f0
17bbf930
00880e93
16ab0214
0c5b0e34
f54706b0
0237fb3e
f79a0228
07210716
0660fce8
085d02c8
04c7049e
ff6002ce
f752fa91
00d70a80
f99c0adb
f558051b
eb2204d2
ee41fefc
f35bf106
f203f819
08c9f116
039cf70e
004ffecf
fb14f876
f8f5f221
ff62eb6d
00caf103
0847f5ea
114c0073
08b80880
129c03fa
083b02a5
028202d0
fd810569
0c6706d8
0640085c
0a670e78
fd7e095e
fcfd1071
f65c0880
fe21042e
02cf044d
ff4505d2
019f05f4
f92d03e6
ef02fc93
fa2cf9a8
f918f7a7
0035f75f
098fecb5
fe16fbd6
fd7d0643
03ee00b0
fd04fbd3
00a8f9cf
17e8f8dc
1347f2b3
11e5feef
090a06fa
07440a0a
f81b045d
035a0ae4
fdb7ffb4
00330880
f843ff8a
10c0123c
fe120de1
fe09065a
fab30bca
f5950254
02f30c03
fa3a0794
fc0a04fa
ebcaf931
fc0c0454
175e071f
176f04ca
07800c99
0ca4fbad
0d8418e7
03c91734
fe84060f
f9d91163
f9450a1a
fcce0679
ec4408a4
ee330372
fe5506e0
eee4fe30
f17201ac
f94f031e
f2f6f7ca
ea3ef33f
f644ecc8
fee0ecb6
fda5f93a
0754ec77
029af7bb
fd87f315
093a004e
09afee02
12b8f917
0bdaf948
10da0726
0bebfb97
083605c3
0bec0874
04a408b4
052d1430
04a80d61
ff8d09c6
fe5d07e1
f84511a7
fbb000df
f9ed02ab
f5120909
f5f8046b
f454fc60
eb1a00a9
ec35f0ed
f7daf38f
f463f24c
f148ee74
0192ee74
006ffc3c
04eef81d
070af380
0717f5d5
0cdff851
1434fdc5
16da095b
1772f0c8
119602e5
0abf0f4f
09e307ce
06ee01d3
0e06fcf7
014d0c2b
066a1806
fab40236
132efec5
0b0301f8
0a6b04f5
089e0365
027e111b
fcef0fd2
f572f948
023e0007
fe0dfad7
05b7ff75
05010e66
f38d0828
ee3b0196
ec0af649
f011f895
fa1ff02b
0609f81e
0656f965
04b8fbe5
fb6b0090
03efff92
fc34f36a
083ded20
0fedec3c
0c21f75c
10770cd2
05b4074f
022200a6
075700a8
0addfbb4
063f050e
0ca20226
04040b24
026913e9
fe1409db
ea5b0ac2
fa090617
f8e306da
feb801fd
fbc402cb
fb4bf5e5
f43f0ccd
ec01f635
f7f0fc84
fd0cf0c6
0330f345
091df6c9
00c40080
00c9016b
f8abfc54
f7c8f184
049bfa5f
0863f86a
0f0efa94
07fdf8f1
0af0028d
fa0ffff2
02dbf804
02a1fd3d
0b63ffbd
02e40040
fc9f0a5e
044410d6
fbb303b5
f8e30a40
fd72f1c6
0614fd97
05c603c3
010cf95b
00ff0446
f4820847
f751f82e
0001f325
fdaffd34
05e8fc0e
fc8a0c1f
faef03a3
f14800b8
fc9ffece
00acf832
04c4f5f8
099cf9ec
0d8c0432
f5c7086e
f93cfa00
fbbc0827
f71bffb3
fb16fd73
0a0aff3d
05e10a62
05a50837
fe7005e7
f37c0fda
fccdfe1b
fe81f7c4
0932fffc
07f60021
02ae09c4
f0780fd9
f5af07b5
f0f4007b
0159f42b
06e1ee6a
04860337
087505e0
0a8b0102
fa580385
f5bb05c3
fb90fde1
0c10f994
08d6fe0c
080408d7
fffb0421
fc40fbcd
faabf8c9
0398f1f4
0385f5a6
0458ff1f
080b1014
027e0cd3
f76e0f68
f2410ab5
e889f511
f500fc61
068afa6c
029302b1
fe74030c
ff2e043f
01b5fc60
017cf7c2
03b40197
f917f968
040d0144
0592ef16
05b7f588
0a80ff96
0dee0149
fb1105a6
04aa0a54
f71df8fb
057cfa64
fc6ef808
fc31f9f6
0709044b
13d5080a
f80005cf
faae072c
f7980c71
f7e2f911
f82cfd2b
043808e5
00350bcf
f66c0112
eeb80991
fc7efafe
f7c600e0
fbc4fcd5
0607f72f
f789fdb6
f6cafc6f
fb98ff0b
fbfef7c9
02bb0057
fae1fd94
0502022f
132ffffa
ffa80e91
fa8b0556
fb4c05ff
080cfacc
0b03f7c7
0e7b01cc
0fd3f879
fb330587
fa1d181a
f5920081
fd4000ab
f9ec0359
fed30196
00a8fff9
fcda029f
fca70b7a
f01b085a
ee970018
fc0a006b
0417fb93
0807f133
fc6dfdbe
0d65fcb8
f5a2f936
003ff993
